Sample_ID,Category,Source,Contig,Type,Subtype,Confidence
337_Mileens,dairy,CasOperon,Contig92242,II-D,II-D,4.0
626_Red_Hawk,dairy,CasOperon,Contig3050,II-D,II-D,4.0
626_Red_Hawk,dairy,CasOperon,Contig29309,I-F,I-F,16.299999999999997
CSB870_GTGGCC.R,dairy,CRISPR_array,Contig213141,V-F1,V-F1,0.839
ERR10695317,dairy,CasOperon,ERR10695317_14326,II-D,II-D,4.0
ERR10695317,dairy,CasOperon,ERR10695317_31794,II-D,II-D,4.0
ERR10695318,dairy,CasOperon,ERR10695318_10546,II-D,II-D,4.0
ERR10695318,dairy,CasOperon,ERR10695318_12794,II-D,II-D,4.0
ERR10695319,dairy,CasOperon,ERR10695319_11325,II-D,II-D,4.0
ERR10695320,dairy,CasOperon,ERR10695320_13141,II-D,II-D,4.0
ERR10695321,dairy,CasOperon,ERR10695321_57449,II-D,II-D,4.0
ERR10695321,dairy,CasOperon,ERR10695321_10001,II-D,II-D,4.0
ERR10695323,dairy,CasOperon,ERR10695323_56244,IV-A2,IV-A2,7.1
ERR10695323,dairy,CRISPR_array,ERR10695323_56244,I-F_T,I-F_T,0.859
ERR10695324,dairy,CasOperon,ERR10695324_84,II-D,II-D,4.0
ERR10695324,dairy,CasOperon,ERR10695324_13946,IV-A2,IV-A2,7.1
ERR10695324,dairy,CRISPR_array,ERR10695324_13946,I-F_T,I-F_T,0.859
ERR10704940,dairy,CasOperon,ERR10704940_6776,II-D,II-D,4.0
ERR10704940,dairy,CasOperon,ERR10704940_5659,II-D,II-D,4.0
ERR10704940,dairy,CRISPR_array,ERR10704940_7139,IV-A1,IV-A1,0.91
ERR10704941,dairy,CasOperon,ERR10704941_45752,II-D,II-D,4.0
ERR10704941,dairy,CasOperon,ERR10704941_3780,II-D,II-D,4.0
ERR10704943,dairy,CasOperon,ERR10704943_78693,II-D,II-D,4.0
ERR10704945,dairy,CasOperon,ERR10704945_11304,II-D,II-D,4.0
ERR10704945,dairy,CasOperon,ERR10704945_1685,II-D,II-D,4.0
ERR10704948,dairy,CasOperon,ERR10704948_13977,IV-A2,IV-A2,5.1
ERR10704948,dairy,CasOperon,ERR10704948_903,II-D,II-D,4.0
ERR10704948,dairy,CRISPR_array,ERR10704948_13977,I-F_T,I-F_T,0.859
ERR10704949,dairy,CasOperon,ERR10704949_1924,II-D,II-D,4.0
ERR10704949,dairy,CasOperon,ERR10704949_2437,I-F,I-F,8.1
ERR10736385,dairy,CasOperon,ERR10736385_2490,I-C,I-C,7.0
ERR10736386,dairy,CasOperon,ERR10736386_1341,I-F_T,I-F_T,10.0
ERR10736387,dairy,CasOperon,ERR10736387_11385,IV-A2,IV-A2,7.1
ERR10736387,dairy,CRISPR_array,ERR10736387_11385,Unknown,I-F,0.449
ERR10736388,dairy,CasOperon,ERR10736388_11119,I-F,I-F,16.299999999999997
ERR10736394,dairy,CasOperon,ERR10736394_8519,IV-B,IV-B,9.0
ERR11550496,dairy,CasOperon,ERR11550496_25515,II-D,II-D,4.0
ERR11550496,dairy,CasOperon,ERR11550496_17709,II-D,II-D,4.0
ERR11581406,dairy,CasOperon,ERR11581406_16393,II-D,II-D,4.0
ERR11581408,dairy,CRISPR_array,ERR11581408_1805,I-F_T,I-F_T,0.859
ERR11718190,dairy,CasOperon,ERR11718190_9096,I-C,I-C,10.0
ERR11718192,dairy,CasOperon,ERR11718192_11568,I-C,I-C,10.0
ERR11718194,dairy,CasOperon,ERR11718194_60532,I-C,I-C,10.0
ERR11718196,dairy,CasOperon,ERR11718196_18776,I-C,I-C,10.0
ERR11718198,dairy,CasOperon,ERR11718198_1388,I-C,I-C,10.0
ERR11718199,dairy,CasOperon,ERR11718199_6260,I-C,I-C,10.0
ERR11718200,dairy,CasOperon,ERR11718200_13269,I-C,I-C,10.0
ERR11718201,dairy,CasOperon,ERR11718201_4059,I-C,I-C,10.0
ERR11718202,dairy,CasOperon,ERR11718202_3514,I-C,I-C,10.0
ERR11718204,dairy,CasOperon,ERR11718204_3835,I-C,I-C,10.0
ERR11865296,dairy,CasOperon,ERR11865296_787,III-A,III-A,17.0
ERR12057277,dairy,CasOperon,ERR12057277_711,II-D,II-D,4.0
ERR12057284,dairy,CasOperon,ERR12057284_802,I-E,I-E,24.0
ERR12057285,dairy,CasOperon,ERR12057285_39559,I-E,I-E,12.0
ERR12057286,dairy,CRISPR_array,ERR12057286_11385,Unknown,IV-D,0.345
ERR12057288,dairy,CasOperon,ERR12057288_10479,I-E,I-E,24.0
ERR12057294,dairy,CasOperon,ERR12057294_3150,I-E,I-E,24.0
ERR12057299,dairy,CasOperon,ERR12057299_43585,II-D,II-D,4.0
ERR12057301,dairy,CasOperon,ERR12057301_24941,II-D,II-D,4.0
ERR12057302,dairy,CasOperon,ERR12057302_6294,IV-A2,IV-A2,7.1
ERR12057307,dairy,CasOperon,ERR12057307_85080,II-D,II-D,4.0
ERR12057318,dairy,CRISPR_array,ERR12057318_9694,Unknown,IV-A3,0.637
ERR12057319,dairy,CRISPR_array,ERR12057319_27806,Unknown,IV-A3,0.637
ERR12057321,dairy,CasOperon,ERR12057321_6061,I-E,I-E,24.0
ERR12057323,dairy,CRISPR_array,ERR12057323_32150,I-F,I-F,0.998
ERR12057336,dairy,CasOperon,ERR12057336_98998,II-D,II-D,4.0
ERR12057345,dairy,CasOperon,ERR12057345_24740,II-D,II-D,4.0
ERR12057345,dairy,CasOperon,ERR12057345_8021,IV-A3,IV-A3,12.0
ERR12057347,dairy,CasOperon,ERR12057347_405232,II-D,II-D,4.0
ERR12057347,dairy,CasOperon,ERR12057347_50289,IV-A3,IV-A3,8.0
ERR12057352,dairy,CasOperon,ERR12057352_2545,II-D,II-D,4.0
ERR12057353,dairy,CasOperon,ERR12057353_4607,II-D,II-D,4.0
ERR12057353,dairy,CasOperon,ERR12057353_6458,I-E,I-E,10.0
ERR12057354,dairy,CasOperon,ERR12057354_17653,II-D,II-D,4.0
ERR12057355,dairy,CRISPR_array,ERR12057355_1852,Unknown,I-F,0.713
ERR12057356,dairy,CasOperon,ERR12057356_9810,II-D,II-D,4.0
ERR12057356,dairy,CasOperon,ERR12057356_114604,II-C,II-C,4.0
ERR12057362,dairy,CasOperon,ERR12057362_44208,IV-B,IV-B,7.0
ERR12057362,dairy,CasOperon,ERR12057362_39908,IV-B,IV-B,6.0
ERR12057364,dairy,CasOperon,ERR12057364_55434,IV-A2,IV-A2,7.1
ERR12057367,dairy,CasOperon,ERR12057367_68405,IV-A2,IV-A2,7.1
ERR12057368,dairy,CasOperon,ERR12057368_199784,II-D,II-D,4.0
ERR12057369,dairy,CasOperon,ERR12057369_13301,II-D,II-D,4.0
ERR12057369,dairy,CasOperon,ERR12057369_34223,IV-A2,IV-A2,7.1
ERR12057369,dairy,CRISPR_array,ERR12057369_34223,I-F_T,I-F_T,0.859
ERR12057370,dairy,CasOperon,ERR12057370_1462,II-D,II-D,4.0
ERR12057370,dairy,CasOperon,ERR12057370_5805,IV-B,IV-B,6.0
ERR12057376,dairy,CasOperon,ERR12057376_6937,IV-B,IV-B,9.0
ERR12057383,dairy,CasOperon,ERR12057383_54075,II-D,II-D,4.0
ERR12057385,dairy,CasOperon,ERR12057385_6821,IV-A2,IV-A2,7.1
ERR12057390,dairy,CasOperon,ERR12057390_41961,I-E,I-E,10.0
ERR12057394,dairy,CRISPR_array,ERR12057394_157489,Unknown,IV-D,0.372
ERR12057399,dairy,CRISPR_array,ERR12057399_89072,IV-A3,IV-A3,0.999
ERR12057402,dairy,CasOperon,ERR12057402_45345,IV-A3,IV-A3,12.0
ERR12057402,dairy,CasOperon,ERR12057402_3535,I-F,I-F,16.299999999999997
ERR12057402,dairy,CRISPR_array,ERR12057402_47825,I-E,I-E,0.994
ERR12057403,dairy,CasOperon,ERR12057403_80817,II-D,II-D,4.0
ERR12057403,dairy,CasOperon,ERR12057403_1246,I-F,I-F,16.299999999999997
ERR12057404,dairy,CasOperon,ERR12057404_6480,I-F_T,I-F_T,6.0
ERR12057406,dairy,CasOperon,ERR12057406_12617,I-F,I-F,6.1
ERR12057407,dairy,CasOperon,ERR12057407_12898,I-F,I-F,6.1
ERR12057408,dairy,CasOperon,ERR12057408_5387,II-D,II-D,4.0
ERR12057408,dairy,CasOperon,ERR12057408_2546,I-E,I-E,10.0
ERR12057409,dairy,CasOperon,ERR12057409_866,I-F,I-F,6.1
ERR12057412,dairy,CasOperon,ERR12057412_122357,II-C,II-C,4.0
ERR12057412,dairy,CasOperon,ERR12057412_17940,I-E,I-E,24.0
ERR12057412,dairy,CasOperon,ERR12057412_41588,II-D,II-D,4.0
ERR13590179,fruits_and_vegetables,CRISPR_array,ERR13590179_15796,Unknown,V-F1,0.634
ERR13590185,fruits_and_vegetables,CasOperon,ERR13590185_1989,II-D,II-D,4.0
ERR13737167,water,CRISPR_array,ERR13737167_1317,Unknown,III-A,0.347
ERR13763416,water,CasOperon,ERR13763416_245036,II-D,II-D,4.0
ERR13763433,water,CRISPR_array,ERR13763433_61954,Unknown,V-F1,0.516
ERR13763444,water,CasOperon,ERR13763444_6941,I-E,I-E,12.0
ERR13763451,feed,CasOperon,ERR13763451_19135,I-C,I-C,14.0
ERR13865847,water,CasOperon,ERR13865847_13399,IV-A1,IV-A1,10.0
ERR13865847,water,CRISPR_array,ERR13865847_42999,Unknown,IV-A3,0.374
ERR13865878,water,CasOperon,ERR13865878_506190,II-D,II-D,4.0
ERR13865910,water,CasOperon,ERR13865910_38709,II-D,II-D,4.0
ERR13865911,water,CasOperon,ERR13865911_434378,II-D,II-D,4.0
ERR13865926,water,CasOperon,ERR13865926_753583,II-D,II-D,4.0
ERR13865927,water,CasOperon,ERR13865927_520971,II-D,II-D,4.0
ERR15089274,fermented_beverages,CasOperon,ERR15089274_1668,I-E,I-E,26.0
ERR15089275,fermented_beverages,CasOperon,ERR15089275_332,I-E,I-E,26.0
ERR15089279,fermented_beverages,CasOperon,ERR15089279_2069,I-E,I-E,20.0
ERR15089280,fermented_beverages,CasOperon,ERR15089280_233,I-E,I-E,20.0
ERR15089280,fermented_beverages,CRISPR_array,ERR15089280_5899,Unknown,IV-A1,0.694
ERR15089291,fermented_beverages,CasOperon,ERR15089291_4701,I-F,I-F,8.3
ERR15089291,fermented_beverages,CasOperon,ERR15089291_800,I-E,I-E,18.0
ERR15089291,fermented_beverages,CRISPR_array,ERR15089291_28214,IV-A1,IV-A1,0.774
ERR15089292,fermented_beverages,CasOperon,ERR15089292_651,I-E,I-E,18.0
ERR15089292,fermented_beverages,CRISPR_array,ERR15089292_15699,Unknown,IV-A1,0.649
ERR2212268,dairy,CasOperon,ERR2212268_32313,II-D,II-D,4.0
ERR2212271,dairy,CasOperon,ERR2212271_2485,II-D,II-D,4.0
ERR2212279,dairy,CasOperon,ERR2212279_3207,II-D,II-D,4.0
ERR3173492,alcohol,CasOperon,ERR3173492_221940,I-C,I-C,22.0
ERR3173492,alcohol,CasOperon,ERR3173492_68508,I-C,I-C,10.0
ERR3173514,alcohol,CasOperon,ERR3173514_17814,I-C,I-C,22.0
ERR3173514,alcohol,CasOperon,ERR3173514_23804,I-C,I-C,20.0
ERR3173699,alcohol,CasOperon,ERR3173699_124935,I-C,I-C,22.0
ERR3173722,alcohol,CasOperon,ERR3173722_779,I-C,I-C,22.0
ERR3173723,alcohol,CasOperon,ERR3173723_138672,I-C,I-C,22.0
ERR3340805,dairy,CasOperon,ERR3340805_485,I-E,I-E,16.0
ERR3340805,dairy,CasOperon,ERR3340805_3111,I-C,I-C,10.0
ERR3340805,dairy,CRISPR_array,ERR3340805_485,Unknown,IV-A3,0.463
ERR3340806,dairy,CasOperon,ERR3340806_758,II-D,II-D,4.0
ERR3340812,dairy,CasOperon,ERR3340812_884,I-E,I-E,26.0
ERR3340815,dairy,CasOperon,ERR3340815_1557,I-E,I-E,20.0
ERR3340815,dairy,CasOperon,ERR3340815_2893,II-D,II-D,4.0
ERR3413879,probiotics,CasOperon,ERR3413879_13,I-B,I-B,12.0
ERR3427626,fruits_and_vegetables,CasOperon,ERR3427626_2688,IV-A3,IV-A3,14.0
ERR4757816,fermented_beverages,CasOperon,ERR4757816_2285,I-C,I-C,21.0
ERR4757839,alcohol,CasOperon,ERR4757839_23179,I-E,I-E,12.0
ERR4757852,fermented_fruits_and_vegetables,CasOperon,ERR4757852_7655,I-C,I-C,10.0
ERR4757857,fermented_fruits_and_vegetables,CasOperon,ERR4757857_7867,I-C,I-C,16.0
ERR752910,dairy,CasOperon,ERR752910_1690,II-D,II-D,4.0
ERR752911,dairy,CasOperon,ERR752911_393,I-E,I-E,24.0
ERR752911,dairy,CasOperon,ERR752911_1404,III-A,III-A,9.0
ERR752911,dairy,CasOperon,ERR752911_1035,I-C,I-C,19.0
ERR752911,dairy,CasOperon,ERR752911_840,I-G,I-G,16.0
ERR752911,dairy,CasOperon,ERR752911_756,I-B,I-B,12.0
ERR752912,dairy,CasOperon,ERR752912_529,I-G,I-G,16.0
ERR752912,dairy,CasOperon,ERR752912_383,I-C,I-C,19.0
ERR752912,dairy,CasOperon,ERR752912_1830,I-E,I-E,8.0
ERR752912,dairy,CasOperon,ERR752912_582,I-E,I-E,10.0
ERR752912,dairy,CasOperon,ERR752912_899,I-B,I-B,14.0
ERR752913,dairy,CasOperon,ERR752913_864,I-E,I-E,8.0
ERR752913,dairy,CasOperon,ERR752913_76,I-E,I-E,10.0
ERR752913,dairy,CasOperon,ERR752913_1315,I-E,I-E,8.0
ERR752913,dairy,CasOperon,ERR752913_788,I-B,I-B,14.0
ERR752913,dairy,CasOperon,ERR752913_837,I-G,I-G,16.0
ERR752913,dairy,CasOperon,ERR752913_760,I-C,I-C,19.0
ERR752914,dairy,CasOperon,ERR752914_1676,I-C,I-C,19.0
ERR752914,dairy,CasOperon,ERR752914_536,I-G,I-G,16.0
ERR752914,dairy,CasOperon,ERR752914_914,I-E,I-E,22.0
ERR752914,dairy,CasOperon,ERR752914_762,I-B,I-B,14.0
ERR752915,dairy,CasOperon,ERR752915_325,I-E,I-E,10.0
ERR752915,dairy,CasOperon,ERR752915_875,I-E,I-E,10.0
ERR752915,dairy,CasOperon,ERR752915_607,I-C,I-C,19.0
ERR752915,dairy,CasOperon,ERR752915_2826,I-B,I-B,14.0
ERR752915,dairy,CasOperon,ERR752915_948,I-G,I-G,16.0
ERR752916,dairy,CasOperon,ERR752916_1075,I-B,I-B,14.0
ERR752916,dairy,CasOperon,ERR752916_1136,I-C,I-C,19.0
ERR752916,dairy,CasOperon,ERR752916_292,I-G,I-G,16.0
ERR752916,dairy,CasOperon,ERR752916_181,I-E,I-E,8.0
ERR752916,dairy,CasOperon,ERR752916_1822,I-E,I-E,10.0
ERR752918,dairy,CasOperon,ERR752918_1122,I-G,I-G,16.0
ERR752918,dairy,CasOperon,ERR752918_164,I-B,I-B,14.0
ERR752918,dairy,CasOperon,ERR752918_3707,I-C,I-C,7.0
ERR752918,dairy,CasOperon,ERR752918_80,I-E,I-E,24.0
ERR752918,dairy,CasOperon,ERR752918_2270,I-C,I-C,10.0
ERR752919,dairy,CasOperon,ERR752919_1453,I-E,I-E,10.0
ERR752919,dairy,CasOperon,ERR752919_1095,I-B,I-B,14.0
ERR752919,dairy,CasOperon,ERR752919_4848,I-E,I-E,8.0
ERR752919,dairy,CasOperon,ERR752919_588,III-A,III-A,9.0
ERR752919,dairy,CasOperon,ERR752919_644,I-G,I-G,16.0
ERR752919,dairy,CasOperon,ERR752919_1098,I-C,I-C,19.0
SRR10454487,fermented_grains,CRISPR_array,SRR10454487_351,I-E,I-E,0.965
SRR10454492,fermented_grains,CasOperon,SRR10454492_2644,I-E,I-E,12.0
SRR10454496,fermented_grains,CasOperon,SRR10454496_2905,I-F,I-F,14.299999999999999
SRR10454509,fermented_grains,CasOperon,SRR10454509_1952,I-F,I-F,14.299999999999999
SRR10454511,fermented_grains,CasOperon,SRR10454511_2990,I-F,I-F,14.299999999999999
SRR10454517,fermented_grains,CRISPR_array,SRR10454517_744,I-E,I-E,0.979
SRR10585495,fruits_and_vegetables,CasOperon,SRR10585495_1730780,II-D,II-D,4.0
SRR10585495,fruits_and_vegetables,CRISPR_array,SRR10585495_410784,I-E,I-E,0.874
SRR10585497,fruits_and_vegetables,CasOperon,SRR10585497_113698,I-E,I-E,10.0
SRR10585497,fruits_and_vegetables,CRISPR_array,SRR10585497_112106,Unknown,III-B,0.282
SRR10585498,fruits_and_vegetables,CasOperon,SRR10585498_1308649,II-D,II-D,4.0
SRR10585499,fruits_and_vegetables,CasOperon,SRR10585499_77493,II-D,II-D,4.0
SRR10585513,fruits_and_vegetables,CasOperon,SRR10585513_704188,I-E,I-E,10.0
SRR10585513,fruits_and_vegetables,CasOperon,SRR10585513_608954,I-E,I-E,10.0
SRR10585527,fruits_and_vegetables,CasOperon,SRR10585527_1608895,II-D,II-D,4.0
SRR10664429,seafood,CasOperon,SRR10664429_52489,II-D,II-D,4.0
SRR10664429,seafood,CasOperon,SRR10664429_3692,IV-A2,IV-A2,6.1
SRR10664429,seafood,CasOperon,SRR10664429_8346,II-D,II-D,4.0
SRR10664429,seafood,CasOperon,SRR10664429_52281,II-D,II-D,4.0
SRR10664430,seafood,CasOperon,SRR10664430_88290,II-D,II-D,4.0
SRR10664430,seafood,CasOperon,SRR10664430_9047,IV-A2,IV-A2,6.1
SRR10664431,seafood,CasOperon,SRR10664431_39641,II-D,II-D,4.0
SRR10664432,seafood,CasOperon,SRR10664432_4403,II-D,II-D,4.0
SRR10664433,seafood,CasOperon,SRR10664433_27607,II-D,II-D,4.0
SRR10997046,fermented_beverages,CasOperon,SRR10997046_2696,I-C,I-C,21.0
SRR10997046,fermented_beverages,CasOperon,SRR10997046_509,I-E,I-E,24.0
SRR10997047,fermented_beverages,CasOperon,SRR10997047_5692,I-C,I-C,21.0
SRR10997048,fermented_beverages,CasOperon,SRR10997048_15295,I-C,I-C,19.0
SRR10997049,fermented_beverages,CasOperon,SRR10997049_2893,I-C,I-C,21.0
SRR10997049,fermented_beverages,CasOperon,SRR10997049_5114,I-E,I-E,12.0
SRR10997049,fermented_beverages,CasOperon,SRR10997049_8249,I-E,I-E,10.0
SRR10997050,fermented_beverages,CasOperon,SRR10997050_3582,I-C,I-C,21.0
SRR11036331,fermented_legumes,CRISPR_array,SRR11036331_25372,Unknown,V-F1,0.422
SRR11036332,fermented_legumes,CasOperon,SRR11036332_24590,I-E,I-E,20.0
SRR11602138,fermented_seeds,CasOperon,SRR11602138_6631,I-E,I-E,8.0
SRR11602138,fermented_seeds,CasOperon,SRR11602138_4455,I-E,I-E,12.0
SRR11602139,fermented_seeds,CasOperon,SRR11602139_15980,I-F,I-F,12.299999999999999
SRR11602139,fermented_seeds,CasOperon,SRR11602139_32626,I-E,I-E,16.0
SRR11602140,fermented_seeds,CasOperon,SRR11602140_47961,I-F,I-F,6.300000000000001
SRR11602140,fermented_seeds,CasOperon,SRR11602140_5758,I-E,I-E,8.0
SRR11602140,fermented_seeds,CasOperon,SRR11602140_26455,I-E,I-E,18.0
SRR11602141,fermented_seeds,CasOperon,SRR11602141_31895,I-E,I-E,14.0
SRR11602141,fermented_seeds,CasOperon,SRR11602141_531,I-E,I-E,12.0
SRR11602143,fermented_seeds,CRISPR_array,SRR11602143_342916,I-E,I-E,1.0
SRR11602145,fermented_seeds,CasOperon,SRR11602145_49347,I-E,I-E,8.0
SRR11602145,fermented_seeds,CasOperon,SRR11602145_54044,I-F,I-F,12.299999999999999
SRR11602146,fermented_seeds,CasOperon,SRR11602146_5758,I-F,I-F,14.299999999999999
SRR11602148,fermented_seeds,CasOperon,SRR11602148_50754,I-E,I-E,24.0
SRR11602149,fermented_seeds,CasOperon,SRR11602149_5180,I-E,I-E,20.0
SRR11602149,fermented_seeds,CasOperon,SRR11602149_22030,I-F,I-F,12.299999999999999
SRR11602150,fermented_seeds,CasOperon,SRR11602150_9572,I-E,I-E,16.0
SRR11602153,fermented_seeds,CasOperon,SRR11602153_30243,I-E,I-E,18.0
SRR11602153,fermented_seeds,CasOperon,SRR11602153_1222,I-F,I-F,12.299999999999999
SRR11602154,fermented_seeds,CasOperon,SRR11602154_305,I-E,I-E,20.0
SRR11602154,fermented_seeds,CasOperon,SRR11602154_26517,I-F,I-F,12.299999999999999
SRR11602155,fermented_seeds,CasOperon,SRR11602155_9734,I-E,I-E,24.0
SRR11602155,fermented_seeds,CasOperon,SRR11602155_2278,I-F,I-F,14.299999999999999
SRR11602156,fermented_seeds,CasOperon,SRR11602156_23983,I-E,I-E,16.0
SRR11602156,fermented_seeds,CasOperon,SRR11602156_5546,I-F,I-F,12.299999999999999
SRR11602157,fermented_seeds,CasOperon,SRR11602157_11531,I-F,I-F,12.299999999999999
SRR13259377,dairy,CasOperon,SRR13259377_17231,I-C,I-C,14.0
SRR13308520,dairy,CasOperon,SRR13308520_23136,I-E,I-E,16.0
SRR13308520,dairy,CRISPR_array,SRR13308520_10864,Unknown,I-E,0.663
SRR13308521,dairy,CasOperon,SRR13308521_991,I-E,I-E,26.0
SRR13308523,dairy,CasOperon,SRR13308523_988,IV-A3,IV-A3,14.0
SRR13308526,dairy,CasOperon,SRR13308526_2109,I-E,I-E,24.0
SRR13308530,dairy,CRISPR_array,SRR13308530_18885,I-E,I-E,0.995
SRR13308534,dairy,CasOperon,SRR13308534_30885,I-E,I-E,24.0
SRR13308535,dairy,CasOperon,SRR13308535_368,I-E,I-E,18.0
SRR13308535,dairy,CasOperon,SRR13308535_3074,I-F,I-F,8.3
SRR13308535,dairy,CasOperon,SRR13308535_73076,I-F,I-F,14.299999999999999
SRR13308538,dairy,CasOperon,SRR13308538_79562,I-F,I-F,6.300000000000001
SRR13308538,dairy,CasOperon,SRR13308538_2589,I-E,I-E,24.0
SRR13564730,fruits_and_vegetables,CasOperon,SRR13564730_6170,I-E,I-E,22.0
SRR13564730,fruits_and_vegetables,CasOperon,SRR13564730_1087,I-E,I-E,24.0
SRR13638423,seafood,CRISPR_array,SRR13638423_17679,Unknown,IV-D,0.345
SRR13638424,seafood,CRISPR_array,SRR13638424_377,Unknown,IV-D,0.345
SRR13638425,seafood,CRISPR_array,SRR13638425_2111,Unknown,IV-D,0.345
SRR13638428,seafood,CasOperon,SRR13638428_108396,I-C,I-C,10.0
SRR13638428,seafood,CasOperon,SRR13638428_17398,V-A,V-A,8.0
SRR13638431,seafood,CRISPR_array,SRR13638431_98774,I-F,I-F,0.973
SRR13638435,seafood,CasOperon,SRR13638435_175,I-E,I-E,24.0
SRR13708566,fermented_beverages,CasOperon,SRR13708566_45004,II-D,II-D,4.0
SRR13708567,fermented_beverages,CasOperon,SRR13708567_34891,II-D,II-D,4.0
SRR13801805,dairy,CRISPR_array,SRR13801805_15457,Unknown,V-F1,0.328
SRR14018896,fermented_grains,CasOperon,SRR14018896_16981,I-E,I-E,14.0
SRR14018897,fermented_grains,CasOperon,SRR14018897_46183,I-E,I-E,24.0
SRR14018897,fermented_grains,CRISPR_array,SRR14018897_59120,I-E,I-E,0.801
SRR14156940,fruits_and_vegetables,CasOperon,SRR14156940_33783,II-D,II-D,4.0
SRR14611552,fruits_and_vegetables,CasOperon,SRR14611552_3039,II-D,II-D,4.0
SRR14611556,seafood,CasOperon,SRR14611556_27890,II-D,II-D,4.0
SRR14611556,seafood,CasOperon,SRR14611556_5800,II-D,II-D,4.0
SRR14611566,seafood,CasOperon,SRR14611566_19100,II-D,II-D,4.0
SRR14739068,other,CasOperon,SRR14739068_5937,II-D,II-D,4.0
SRR14739068,other,CasOperon,SRR14739068_76240,IV-A3,IV-A3,10.0
SRR14739079,other,CasOperon,SRR14739079_9982,IV-A3,IV-A3,8.0
SRR14739115,meat,CasOperon,SRR14739115_258223,III-A,III-A,16.0
SRR14739151,meat,CasOperon,SRR14739151_80135,II-D,II-D,4.0
SRR14739172,other,CasOperon,SRR14739172_12820,II-D,II-D,4.0
SRR15925267,fermented_grains,CasOperon,SRR15925267_112480,I-E,I-E,10.0
SRR15925267,fermented_grains,CasOperon,SRR15925267_26795,I-E,I-E,16.0
SRR15925267,fermented_grains,CasOperon,SRR15925267_242001,I-E,I-E,8.0
SRR15925267,fermented_grains,CRISPR_array,SRR15925267_112480,Unknown,IV-A2,0.343
SRR16870030,dairy,CRISPR_array,SRR16870030_4310,Unknown,V-F1,0.189
SRR17227786,dairy,CasOperon,SRR17227786_104602,II-D,II-D,4.0
SRR17227787,dairy,CasOperon,SRR17227787_41235,II-D,II-D,4.0
SRR17227790,dairy,CasOperon,SRR17227790_29940,I-E,I-E,8.0
SRR17227794,dairy,CasOperon,SRR17227794_5534,II-D,II-D,4.0
SRR17227795,dairy,CasOperon,SRR17227795_30819,II-D,II-D,4.0
SRR17227796,dairy,CasOperon,SRR17227796_112612,IV-A2,IV-A2,7.1
SRR17227797,dairy,CasOperon,SRR17227797_13054,IV-A2,IV-A2,7.1
SRR17227797,dairy,CasOperon,SRR17227797_4257,II-D,II-D,4.0
SRR17227797,dairy,CasOperon,SRR17227797_40624,II-D,II-D,4.0
SRR17227800,dairy,CRISPR_array,SRR17227800_89869,IV-A1,IV-A1,0.958
SRR18334997,fermented_fruits_and_vegetables,CRISPR_array,SRR18334997_3972,Unknown,V-F1,0.435
SRR18334998,fermented_fruits_and_vegetables,CRISPR_array,SRR18334998_965,Unknown,I-E,0.342
SRR18335001,fermented_fruits_and_vegetables,CasOperon,SRR18335001_5800,I-C,I-C,14.0
SRR18335013,fermented_fruits_and_vegetables,CasOperon,SRR18335013_9757,I-E,I-E,24.0
SRR20746822,dairy,CasOperon,SRR20746822_8034,I-C,I-C,21.0
SRR20746833,dairy,CasOperon,SRR20746833_53,I-E,I-E,24.0
SRR20746834,dairy,CasOperon,SRR20746834_20267,I-E,I-E,10.0
SRR20746841,dairy,CasOperon,SRR20746841_1746,I-E,I-E,24.0
SRR20746847,dairy,CasOperon,SRR20746847_936,I-C,I-C,14.0
SRR20746848,dairy,CasOperon,SRR20746848_126,I-E,I-E,12.0
SRR20746855,dairy,CasOperon,SRR20746855_2828,I-E,I-E,22.0
SRR20746863,dairy,CasOperon,SRR20746863_819,I-C,I-C,14.0
SRR20746881,dairy,CasOperon,SRR20746881_11623,II-D,II-D,4.0
SRR20746915,dairy,CasOperon,SRR20746915_6233,I-C,I-C,21.0
SRR20746916,dairy,CasOperon,SRR20746916_218,I-C,I-C,21.0
SRR20746928,dairy,CasOperon,SRR20746928_6292,I-E,I-E,10.0
SRR20746938,dairy,CasOperon,SRR20746938_7228,II-D,II-D,4.0
SRR20746938,dairy,CasOperon,SRR20746938_759,I-C,I-C,21.0
SRR20746946,dairy,CasOperon,SRR20746946_26,I-C,I-C,21.0
SRR20746948,dairy,CasOperon,SRR20746948_3405,I-E,I-E,24.0
SRR20746948,dairy,CasOperon,SRR20746948_2628,I-C,I-C,14.0
SRR20746958,dairy,CasOperon,SRR20746958_4740,II-D,II-D,4.0
SRR20746958,dairy,CasOperon,SRR20746958_1347,I-E,I-E,24.0
SRR20746958,dairy,CasOperon,SRR20746958_153,I-C,I-C,14.0
SRR20746963,dairy,CasOperon,SRR20746963_90,I-E,I-E,24.0
SRR20746965,dairy,CasOperon,SRR20746965_17,I-C,I-C,14.0
SRR20746978,dairy,CasOperon,SRR20746978_2032,II-D,II-D,4.0
SRR2081070,dairy,CasOperon,SRR2081070_39568,I-E,I-E,24.0
SRR20811130,dairy,CasOperon,SRR20811130_1265,II-D,II-D,4.0
SRR20811131,dairy,CasOperon,SRR20811131_2434,II-D,II-D,4.0
SRR20811132,dairy,CasOperon,SRR20811132_2029,II-D,II-D,4.0
SRR20811137,dairy,CasOperon,SRR20811137_12496,II-D,II-D,4.0
SRR20811293,dairy,CasOperon,SRR20811293_4550,II-D,II-D,4.0
SRR2177250,fruits_and_vegetables,CRISPR_array,SRR2177250_275709,I-C,I-C,0.903
SRR2177285,fruits_and_vegetables,CRISPR_array,SRR2177285_46312,I-F,I-F,0.996
SRR2182536,probiotics,CasOperon,SRR2182536_2117,II-D,II-D,4.0
SRR2182550,probiotics,CRISPR_array,SRR2182550_6736,I-E,I-E,0.989
SRR22022235,fruits_and_vegetables,CasOperon,SRR22022235_205912,II-D,II-D,4.0
SRR22022239,meat,CRISPR_array,SRR22022239_760838,I-B,I-B,0.841
SRR22022240,meat,CasOperon,SRR22022240_98807,II-D,II-D,4.0
SRR22022240,meat,CasOperon,SRR22022240_7193,IV-A2,IV-A2,7.1
SRR22022241,meat,CasOperon,SRR22022241_54128,I-E,I-E,24.0
SRR22022241,meat,CasOperon,SRR22022241_80025,II-D,II-D,4.0
SRR22022241,meat,CasOperon,SRR22022241_246244,I-C,I-C,8.0
SRR22022241,meat,CasOperon,SRR22022241_3823,IV-A3,IV-A3,10.0
SRR22022243,meat,CRISPR_array,SRR22022243_223933,I-B,I-B,0.841
SRR22022247,meat,CRISPR_array,SRR22022247_33237,I-B,I-B,0.841
SRR22022263,seafood,CasOperon,SRR22022263_6949,III-B,III-B,13.0
SRR22022263,seafood,CRISPR_array,SRR22022263_37763,I-F_T,I-F_T,0.998
SRR22022267,seafood,CasOperon,SRR22022267_122235,II-D,II-D,4.0
SRR22022268,seafood,CasOperon,SRR22022268_571302,II-D,II-D,4.0
SRR22022269,seafood,CasOperon,SRR22022269_237753,I-F,I-F,6.0
SRR22022269,seafood,CasOperon,SRR22022269_181505,I-F,I-F,6.300000000000001
SRR22022272,seafood,CasOperon,SRR22022272_54440,II-D,II-D,4.0
SRR22022273,seafood,CasOperon,SRR22022273_407326,II-D,II-D,4.0
SRR22022273,seafood,CasOperon,SRR22022273_324160,IV-A2,IV-A2,5.1
SRR22022273,seafood,CRISPR_array,SRR22022273_296707,IV-A2,IV-A2,0.824
SRR22022302,meat,CasOperon,SRR22022302_504327,II-D,II-D,4.0
SRR22022306,meat,CasOperon,SRR22022306_414624,I-F,I-F,7.0
SRR22022307,meat,CasOperon,SRR22022307_10733,IV-A3,IV-A3,10.0
SRR22022307,meat,CRISPR_array,SRR22022307_294102,I-F_T,I-F_T,0.999
SRR22022308,meat,CasOperon,SRR22022308_54507,II-D,II-D,4.0
SRR22022319,fruits_and_vegetables,CasOperon,SRR22022319_60948,I-E,I-E,8.0
SRR22022326,fruits_and_vegetables,CasOperon,SRR22022326_67057,II-D,II-D,4.0
SRR22022331,fruits_and_vegetables,CasOperon,SRR22022331_1045517,II-D,II-D,4.0
SRR22022333,fruits_and_vegetables,CasOperon,SRR22022333_316531,II-D,II-D,4.0
SRR22022333,fruits_and_vegetables,CasOperon,SRR22022333_79205,II-D,II-D,4.0
SRR22022337,fruits_and_vegetables,CasOperon,SRR22022337_23204,IV-A1,IV-A1,12.0
SRR22022348,meat,CasOperon,SRR22022348_855,IV-A3,IV-A3,8.0
SRR22022348,meat,CRISPR_array,SRR22022348_427229,I-F_T,I-F_T,0.999
SRR22022359,meat,CasOperon,SRR22022359_177859,II-D,II-D,4.0
SRR22022359,meat,CasOperon,SRR22022359_758304,II-D,II-D,4.0
SRR22022362,seafood,CasOperon,SRR22022362_5603,I-F,I-F,6.0
SRR22022364,seafood,CasOperon,SRR22022364_161824,II-D,II-D,4.0
SRR22022367,seafood,CasOperon,SRR22022367_965888,IV-B,IV-B,6.0
SRR22022369,meat,CasOperon,SRR22022369_266452,IV-A2,IV-A2,5.1
SRR22022369,meat,CasOperon,SRR22022369_66950,II-D,II-D,4.0
SRR22022373,seafood,CasOperon,SRR22022373_29488,IV-A3,IV-A3,10.0
SRR22022378,seafood,CasOperon,SRR22022378_34666,III-A,III-A,7.0
SRR22022398,meat,CasOperon,SRR22022398_153425,II-D,II-D,4.0
SRR22022398,meat,CasOperon,SRR22022398_13749,IV-A3,IV-A3,10.0
SRR22022400,meat,CasOperon,SRR22022400_186201,II-D,II-D,4.0
SRR22022401,meat,CRISPR_array,SRR22022401_33974,I-F,I-F,0.997
SRR22022419,meat,CRISPR_array,SRR22022419_624044,I-F,I-F,0.995
SRR22022433,meat,CasOperon,SRR22022433_171600,II-D,II-D,4.0
SRR22022433,meat,CRISPR_array,SRR22022433_350155,I-F_T,I-F_T,0.999
SRR22022433,meat,CRISPR_array,SRR22022433_581881,I-F_T,I-F_T,0.998
SRR22022434,meat,CasOperon,SRR22022434_408239,II-D,II-D,4.0
SRR22177357,fruits_and_vegetables,CRISPR_array,SRR22177357_32740,V-A,V-A,0.809
SRR22177361,fruits_and_vegetables,CasOperon,SRR22177361_22463,I-C,I-C,8.0
SRR22859380,fermented_legumes,CRISPR_array,SRR22859380_70995,I-B,I-B,0.962
SRR22865500,meat,CasOperon,SRR22865500_2246,IV-A3,IV-A3,14.0
SRR22865517,meat,CasOperon,SRR22865517_43581,I-F,I-F,10.0
SRR22865522,meat,CasOperon,SRR22865522_1622,IV-A3,IV-A3,14.0
SRR22865523,meat,CasOperon,SRR22865523_36165,IV-A3,IV-A3,8.0
SRR23929270,fermented_fruits_and_vegetables,CasOperon,SRR23929270_1222,I-C,I-C,14.0
SRR23929270,fermented_fruits_and_vegetables,CRISPR_array,SRR23929270_854,Unknown,III-D,0.529
SRR23929272,dairy,CasOperon,SRR23929272_14722,IV-A2,IV-A2,7.1
SRR23929272,dairy,CRISPR_array,SRR23929272_10010,IV-A2,IV-A2,0.995
SRR25393912,fermented_meat,CasOperon,SRR25393912_48139,II-D,II-D,4.0
SRR25393919,fermented_meat,CasOperon,SRR25393919_11218,I-F,I-F,8.3
SRR25393975,meat,CasOperon,SRR25393975_20058,II-D,II-D,4.0
SRR25393981,meat,CasOperon,SRR25393981_581286,II-D,II-D,4.0
SRR25394774,dairy,CasOperon,SRR25394774_19138,IV-B,IV-B,11.0
SRR25394774,dairy,CasOperon,SRR25394774_13983,II-D,II-D,4.0
SRR25394777,dairy,CasOperon,SRR25394777_2486,II-D,II-D,4.0
SRR25394778,dairy,CasOperon,SRR25394778_136088,I-E,I-E,20.0
SRR25394779,dairy,CRISPR_array,SRR25394779_15097,I-E,I-E,0.967
SRR25394783,dairy,CasOperon,SRR25394783_52972,II-D,II-D,4.0
SRR25394786,dairy,CRISPR_array,SRR25394786_284931,I-E,I-E,0.806
SRR25394793,dairy,CasOperon,SRR25394793_2553,II-D,II-D,4.0
SRR25394818,dairy,CRISPR_array,SRR25394818_7658,Unknown,IV-D,0.372
SRR25394819,dairy,CRISPR_array,SRR25394819_68937,Unknown,IV-D,0.372
SRR25394821,supplement,CasOperon,SRR25394821_738,IV-A2,IV-A2,7.1
SRR25394838,dairy,CRISPR_array,SRR25394838_58233,I-F,I-F,0.942
SRR25394841,dairy,CasOperon,SRR25394841_31621,I-C,I-C,19.0
SRR25394841,dairy,CasOperon,SRR25394841_122953,II-D,II-D,4.0
SRR25394841,dairy,CasOperon,SRR25394841_31865,I-E,I-E,16.0
SRR25394841,dairy,CasOperon,SRR25394841_60599,I-E,I-E,12.0
SRR25394841,dairy,CasOperon,SRR25394841_10991,I-E,I-E,18.0
SRR25394841,dairy,CasOperon,SRR25394841_97129,I-E,I-E,10.0
SRR25394843,dairy,CasOperon,SRR25394843_90146,II-D,II-D,4.0
SRR25394846,dairy,CasOperon,SRR25394846_44054,II-D,II-D,4.0
SRR25394846,dairy,CasOperon,SRR25394846_13583,I-E,I-E,20.0
SRR25394847,dairy,CasOperon,SRR25394847_85071,II-D,II-D,4.0
SRR25394848,dairy,CasOperon,SRR25394848_80311,II-D,II-D,4.0
SRR25394872,dairy,CasOperon,SRR25394872_110,III-A,III-A,9.0
SRR25394884,dairy,CRISPR_array,SRR25394884_39884,Unknown,IV-D,0.372
SRR25394885,dairy,CRISPR_array,SRR25394885_11952,Unknown,IV-D,0.372
SRR25394886,dairy,CRISPR_array,SRR25394886_49222,Unknown,IV-D,0.372
SRR25394887,dairy,CRISPR_array,SRR25394887_5906,Unknown,IV-D,0.372
SRR25394904,dairy,CRISPR_array,SRR25394904_10874,Unknown,IV-D,0.372
SRR25394929,supplement,CasOperon,SRR25394929_43186,IV-A2,IV-A2,7.1
SRR25394929,supplement,CRISPR_array,SRR25394929_689473,IV-A2,IV-A2,0.763
SRR25394938,supplement,CasOperon,SRR25394938_860,II-D,II-D,4.0
SRR25394949,dairy,CasOperon,SRR25394949_13963,I-C,I-C,12.0
SRR25394960,dairy,CasOperon,SRR25394960_150235,II-D,II-D,4.0
SRR25394960,dairy,CasOperon,SRR25394960_202930,II-D,II-D,4.0
SRR25394960,dairy,CasOperon,SRR25394960_10986,IV-A2,IV-A2,7.1
SRR25394960,dairy,CRISPR_array,SRR25394960_136988,Unknown,IV-A3,0.512
SRR25394962,dairy,CasOperon,SRR25394962_25305,IV-A2,IV-A2,7.1
SRR25394962,dairy,CasOperon,SRR25394962_39466,II-D,II-D,4.0
SRR25394962,dairy,CRISPR_array,SRR25394962_42576,Unknown,IV-A3,0.383
SRR25394964,dairy,CasOperon,SRR25394964_45857,V-F2,V-F2,4.0
SRR25394964,dairy,CRISPR_array,SRR25394964_45857,Unknown,V-F2,0.586
SRR25394969,dairy,CasOperon,SRR25394969_22221,IV-B,IV-B,11.0
SRR25394969,dairy,CasOperon,SRR25394969_862,I-E,I-E,12.0
SRR25394970,dairy,CasOperon,SRR25394970_11543,IV-B,IV-B,11.0
SRR25394971,dairy,CasOperon,SRR25394971_5251,I-C,I-C,14.0
SRR25394972,dairy,CasOperon,SRR25394972_2133,I-C,I-C,14.0
SRR25394977,dairy,CasOperon,SRR25394977_60770,II-D,II-D,4.0
SRR25394977,dairy,CRISPR_array,SRR25394977_71506,Unknown,IV-D,0.372
SRR25394978,dairy,CasOperon,SRR25394978_24211,I-C,I-C,14.0
SRR25394978,dairy,CRISPR_array,SRR25394978_99916,Unknown,IV-A2,0.389
SRR25394992,dairy,CasOperon,SRR25394992_10204,I-E,I-E,6.0
SRR25394992,dairy,CasOperon,SRR25394992_26928,I-E,I-E,12.0
SRR25394994,dairy,CasOperon,SRR25394994_13857,I-E,I-E,20.0
SRR25394998,dairy,CasOperon,SRR25394998_22727,I-E,I-E,14.0
SRR25394998,dairy,CasOperon,SRR25394998_92175,V-F2,V-F2,4.0
SRR25394998,dairy,CRISPR_array,SRR25394998_92175,Unknown,V-F2,0.586
SRR25394998,dairy,CRISPR_array,SRR25394998_22727,Unknown,I-E,0.202
SRR25395001,dairy,CasOperon,SRR25395001_1202,I-E,I-E,10.0
SRR25395001,dairy,CasOperon,SRR25395001_554,I-E,I-E,14.0
SRR25395001,dairy,CasOperon,SRR25395001_2897,I-E,I-E,12.0
SRR25395003,dairy,CasOperon,SRR25395003_5924,I-E,I-E,12.0
SRR25395003,dairy,CasOperon,SRR25395003_30149,I-E,I-E,12.0
SRR25395005,dairy,CasOperon,SRR25395005_101716,II-D,II-D,4.0
SRR25395006,dairy,CasOperon,SRR25395006_16052,I-C,I-C,10.0
SRR25395007,dairy,CasOperon,SRR25395007_2371,II-A,II-A,9.0
SRR25395007,dairy,CasOperon,SRR25395007_26312,II-D,II-D,4.0
SRR25395007,dairy,CasOperon,SRR25395007_29057,I-E,I-E,20.0
SRR25395008,dairy,CasOperon,SRR25395008_72247,II-D,II-D,4.0
SRR25395008,dairy,CasOperon,SRR25395008_93028,II-D,II-D,4.0
SRR25395009,dairy,CasOperon,SRR25395009_81233,II-D,II-D,4.0
SRR25395009,dairy,CasOperon,SRR25395009_32673,I-E,I-E,24.0
SRR25395009,dairy,CasOperon,SRR25395009_13224,II-D,II-D,4.0
SRR25395010,dairy,CasOperon,SRR25395010_27928,I-E,I-E,20.0
SRR25395012,dairy,CasOperon,SRR25395012_137646,I-E,I-E,20.0
SRR25395012,dairy,CRISPR_array,SRR25395012_137646,Unknown,I-E,0.515
SRR25395013,dairy,CasOperon,SRR25395013_45206,I-E,I-E,20.0
SRR25395014,dairy,CasOperon,SRR25395014_79228,I-E,I-E,20.0
SRR25395016,dairy,CasOperon,SRR25395016_14780,I-E,I-E,18.0
SRR25395017,dairy,CasOperon,SRR25395017_75849,I-E,I-E,20.0
SRR25395017,dairy,CasOperon,SRR25395017_53588,I-E,I-E,12.0
SRR25395018,dairy,CasOperon,SRR25395018_99273,I-E,I-E,20.0
SRR25395019,dairy,CasOperon,SRR25395019_73526,IV-B,IV-B,6.0
SRR25395019,dairy,CasOperon,SRR25395019_37713,I-E,I-E,20.0
SRR25395020,dairy,CasOperon,SRR25395020_29586,I-E,I-E,18.0
SRR25395020,dairy,CasOperon,SRR25395020_52865,IV-B,IV-B,6.0
SRR25395024,dairy,CasOperon,SRR25395024_99085,I-E,I-E,20.0
SRR25395025,dairy,CasOperon,SRR25395025_20316,I-E,I-E,26.0
SRR25395025,dairy,CasOperon,SRR25395025_20085,I-E,I-E,20.0
SRR25395025,dairy,CasOperon,SRR25395025_11286,IV-B,IV-B,11.0
SRR25395026,dairy,CasOperon,SRR25395026_34089,I-E,I-E,20.0
SRR25395026,dairy,CasOperon,SRR25395026_4055,IV-B,IV-B,11.0
SRR25395027,dairy,CasOperon,SRR25395027_22616,IV-B,IV-B,6.0
SRR25395028,dairy,CasOperon,SRR25395028_50513,IV-B,IV-B,6.0
SRR25395028,dairy,CasOperon,SRR25395028_61812,I-E,I-E,20.0
SRR25395029,dairy,CasOperon,SRR25395029_68483,I-E,I-E,20.0
SRR25395029,dairy,CasOperon,SRR25395029_151041,II-D,II-D,4.0
SRR25395030,dairy,CasOperon,SRR25395030_26918,I-E,I-E,20.0
SRR25395032,dairy,CasOperon,SRR25395032_21330,I-E,I-E,20.0
SRR25395032,dairy,CasOperon,SRR25395032_79578,IV-B,IV-B,6.0
SRR25395059,dairy,CasOperon,SRR25395059_87599,II-D,II-D,4.0
SRR25395059,dairy,CasOperon,SRR25395059_282,IV-B,IV-B,11.0
SRR25395062,dairy,CasOperon,SRR25395062_29633,IV-A2,IV-A2,7.1
SRR25395062,dairy,CRISPR_array,SRR25395062_29633,I-F_T,I-F_T,0.859
SRR25395066,dairy,CasOperon,SRR25395066_3004,IV-A2,IV-A2,7.1
SRR25395066,dairy,CRISPR_array,SRR25395066_3004,I-F_T,I-F_T,0.859
SRR25395067,dairy,CasOperon,SRR25395067_3608,II-D,II-D,4.0
SRR25395068,dairy,CasOperon,SRR25395068_37821,II-D,II-D,4.0
SRR25395069,dairy,CasOperon,SRR25395069_19546,II-D,II-D,4.0
SRR25395073,dairy,CasOperon,SRR25395073_53637,II-D,II-D,4.0
SRR25395076,dairy,CasOperon,SRR25395076_17996,I-E,I-E,20.0
SRR25395077,dairy,CasOperon,SRR25395077_10938,I-E,I-E,20.0
SRR25395078,supplement,CasOperon,SRR25395078_3790,II-D,II-D,4.0
SRR25395080,dairy,CasOperon,SRR25395080_141756,I-E,I-E,20.0
SRR25395081,dairy,CasOperon,SRR25395081_28932,IV-B,IV-B,11.0
SRR25395081,dairy,CasOperon,SRR25395081_160341,I-E,I-E,20.0
SRR25395082,dairy,CasOperon,SRR25395082_509,III-A,III-A,9.0
SRR25395084,dairy,CasOperon,SRR25395084_112508,II-D,II-D,4.0
SRR25395084,dairy,CasOperon,SRR25395084_86631,IV-A2,IV-A2,7.1
SRR25395084,dairy,CRISPR_array,SRR25395084_86631,I-F_T,I-F_T,0.859
SRR25395085,dairy,CasOperon,SRR25395085_20496,IV-B,IV-B,9.0
SRR25395085,dairy,CasOperon,SRR25395085_37024,II-D,II-D,4.0
SRR25395088,dairy,CasOperon,SRR25395088_3255,II-D,II-D,4.0
SRR25395089,dairy,CasOperon,SRR25395089_993,II-D,II-D,4.0
SRR25395089,dairy,CasOperon,SRR25395089_12030,II-C,II-C,4.0
SRR25395092,dairy,CasOperon,SRR25395092_26264,I-C,I-C,10.0
SRR25395093,dairy,CasOperon,SRR25395093_6508,I-E,I-E,24.0
SRR25395093,dairy,CasOperon,SRR25395093_2228,I-C,I-C,21.0
SRR25395105,supplement,CasOperon,SRR25395105_18,IV-A3,IV-A3,14.0
SRR25395106,dairy,CasOperon,SRR25395106_592,II-D,II-D,4.0
SRR25395107,dairy,CasOperon,SRR25395107_3703,II-D,II-D,4.0
SRR25395112,dairy,CasOperon,SRR25395112_53772,II-D,II-D,4.0
SRR25395113,dairy,CasOperon,SRR25395113_9317,II-D,II-D,4.0
SRR25395114,dairy,CasOperon,SRR25395114_3779,II-D,II-D,4.0
SRR25395116,dairy,CasOperon,SRR25395116_19242,I-E,I-E,10.0
SRR25395116,dairy,CasOperon,SRR25395116_52167,I-E,I-E,10.0
SRR25395121,supplement,CasOperon,SRR25395121_245304,I-F,I-F,8.0
SRR25395143,dairy,CasOperon,SRR25395143_2561,I-C,I-C,12.0
SRR25395143,dairy,CasOperon,SRR25395143_26312,I-C,I-C,7.0
SRR25395143,dairy,CasOperon,SRR25395143_16898,I-E,I-E,18.0
SRR25395143,dairy,CasOperon,SRR25395143_5417,I-E,I-E,12.0
SRR25395146,dairy,CasOperon,SRR25395146_174,III-A,III-A,7.0
SRR25395151,dairy,CasOperon,SRR25395151_466,III-A,III-A,9.0
SRR25395225,dairy,CasOperon,SRR25395225_1195,I-C,I-C,22.0
SRR25395232,dairy,CasOperon,SRR25395232_75933,II-D,II-D,4.0
SRR25395232,dairy,CasOperon,SRR25395232_5580,I-E,I-E,20.0
SRR25395234,dairy,CasOperon,SRR25395234_77,III-A,III-A,9.0
SRR25395235,dairy,CRISPR_array,SRR25395235_37434,Unknown,IV-D,0.372
SRR25395237,dairy,CasOperon,SRR25395237_3836,I-E,I-E,10.0
SRR25395238,dairy,CasOperon,SRR25395238_7117,I-E,I-E,14.0
SRR25395239,dairy,CasOperon,SRR25395239_5487,I-E,I-E,10.0
SRR25395243,dairy,CasOperon,SRR25395243_24041,IV-A3,IV-A3,14.0
SRR25395243,dairy,CRISPR_array,SRR25395243_1032077,Unknown,I-D,0.317
SRR25395249,dairy,CRISPR_array,SRR25395249_45483,I-E,I-E,0.984
SRR25395253,dairy,CasOperon,SRR25395253_29435,I-E,I-E,12.0
SRR25395263,dairy,CasOperon,SRR25395263_266318,II-D,II-D,4.0
SRR25395276,dairy,CasOperon,SRR25395276_235734,IV-A3,IV-A3,10.0
SRR25395276,dairy,CRISPR_array,SRR25395276_3037806,Unknown,V-F1,0.115
SRR25395295,dairy,CasOperon,SRR25395295_7378,II-D,II-D,4.0
SRR25395296,supplement,CasOperon,SRR25395296_2380,II-D,II-D,4.0
SRR25395299,dairy,CasOperon,SRR25395299_16047,II-D,II-D,4.0
SRR25395302,dairy,CasOperon,SRR25395302_6558,II-D,II-D,4.0
SRR25395303,dairy,CasOperon,SRR25395303_5574,IV-B,IV-B,11.0
SRR25395303,dairy,CasOperon,SRR25395303_4370,IV-B,IV-B,8.0
SRR25395303,dairy,CasOperon,SRR25395303_63909,II-D,II-D,4.0
SRR25395303,dairy,CasOperon,SRR25395303_21531,IV-B,IV-B,9.0
SRR25395304,dairy,CasOperon,SRR25395304_35046,II-D,II-D,4.0
SRR25395306,supplement,CasOperon,SRR25395306_5039,II-D,II-D,4.0
SRR25395309,dairy,CasOperon,SRR25395309_110845,II-D,II-D,4.0
SRR25395313,dairy,CasOperon,SRR25395313_41570,IV-B,IV-B,11.0
SRR25395313,dairy,CasOperon,SRR25395313_136901,I-E,I-E,20.0
SRR25395313,dairy,CasOperon,SRR25395313_60615,II-D,II-D,4.0
SRR25395314,dairy,CasOperon,SRR25395314_114831,I-E,I-E,20.0
SRR25395314,dairy,CasOperon,SRR25395314_26770,II-D,II-D,4.0
SRR25395314,dairy,CasOperon,SRR25395314_12277,II-D,II-D,4.0
SRR25395314,dairy,CasOperon,SRR25395314_8529,IV-B,IV-B,7.0
SRR25395318,dairy,CasOperon,SRR25395318_72751,II-D,II-D,4.0
SRR25395318,dairy,CasOperon,SRR25395318_306581,II-D,II-D,4.0
SRR25395319,dairy,CasOperon,SRR25395319_9838,IV-B,IV-B,11.0
SRR25395327,dairy,CasOperon,SRR25395327_12609,I-E,I-E,26.0
SRR25395328,dairy,CasOperon,SRR25395328_16814,I-E,I-E,24.0
SRR25395333,dairy,CRISPR_array,SRR25395333_2107,Unknown,IV-D,0.372
SRR25395353,dairy,CasOperon,SRR25395353_17741,I-C,I-C,21.0
SRR25395353,dairy,CasOperon,SRR25395353_5346,I-E,I-E,24.0
SRR25395354,dairy,CasOperon,SRR25395354_9889,V-F2,V-F2,4.0
SRR25395354,dairy,CRISPR_array,SRR25395354_9889,Unknown,V-F2,0.662
SRR25395355,dairy,CasOperon,SRR25395355_585,I-E,I-E,24.0
SRR25395355,dairy,CasOperon,SRR25395355_2320,I-C,I-C,21.0
SRR25395364,dairy,CasOperon,SRR25395364_5478,V-F2,V-F2,4.0
SRR25395365,dairy,CasOperon,SRR25395365_30774,V-F2,V-F2,4.0
SRR25395365,dairy,CRISPR_array,SRR25395365_30774,Unknown,V-F2,0.662
SRR25395369,dairy,CRISPR_array,SRR25395369_103779,Unknown,I-E,0.725
SRR25395371,dairy,CRISPR_array,SRR25395371_389,Unknown,IV-A2,0.525
SRR25395387,dairy,CasOperon,SRR25395387_97036,II-D,II-D,4.0
SRR25395387,dairy,CRISPR_array,SRR25395387_4280,I-E,I-E,0.984
SRR25395392,dairy,CasOperon,SRR25395392_110,I-E,I-E,24.0
SRR25395392,dairy,CasOperon,SRR25395392_21588,I-C,I-C,21.0
SRR25395393,dairy,CasOperon,SRR25395393_3496,I-C,I-C,21.0
SRR25395393,dairy,CasOperon,SRR25395393_11268,I-E,I-E,24.0
SRR25395400,dairy,CasOperon,SRR25395400_181363,II-D,II-D,4.0
SRR25395400,dairy,CasOperon,SRR25395400_30390,I-C,I-C,7.0
SRR25395401,dairy,CasOperon,SRR25395401_141790,II-D,II-D,4.0
SRR25395402,dairy,CasOperon,SRR25395402_26330,II-D,II-D,4.0
SRR25395408,dairy,CasOperon,SRR25395408_6682,IV-A3,IV-A3,12.0
SRR25395435,dairy,CasOperon,SRR25395435_5537,I-E,I-E,24.0
SRR25395435,dairy,CasOperon,SRR25395435_9601,I-C,I-C,21.0
SRR25395437,dairy,CasOperon,SRR25395437_1100,I-C,I-C,21.0
SRR25395437,dairy,CasOperon,SRR25395437_729,I-E,I-E,24.0
SRR25395438,dairy,CasOperon,SRR25395438_78671,I-E,I-E,10.0
SRR25395438,dairy,CasOperon,SRR25395438_123584,I-E,I-E,14.0
SRR25395446,dairy,CasOperon,SRR25395446_29670,I-E,I-E,12.0
SRR25395448,dairy,CRISPR_array,SRR25395448_34819,I-E,I-E,0.979
SRR25395473,dairy,CasOperon,SRR25395473_7189,III-B,III-B,16.0
SRR25395473,dairy,CasOperon,SRR25395473_13645,I-E,I-E,8.0
SRR25395473,dairy,CRISPR_array,SRR25395473_15003,I-E,I-E,0.977
SRR25395476,dairy,CasOperon,SRR25395476_133132,IV-A3,IV-A3,10.0
SRR25395476,dairy,CRISPR_array,SRR25395476_133132,Unknown,V-F1,0.313
SRR25395484,dairy,CasOperon,SRR25395484_3391705,I-E,I-E,10.0
SRR25395484,dairy,CasOperon,SRR25395484_2807410,II-D,II-D,4.0
SRR25395486,supplement,CasOperon,SRR25395486_20886,IV-A3,IV-A3,8.0
SRR25395507,dairy,CRISPR_array,SRR25395507_127773,I-F,I-F,0.996
SRR25395514,dairy,CRISPR_array,SRR25395514_4204,Unknown,I-F,0.742
SRR25700600,fermented_grains,CasOperon,SRR25700600_1717,I-C,I-C,14.0
SRR25700600,fermented_grains,CasOperon,SRR25700600_5651,I-E,I-E,24.0
SRR25700600,fermented_grains,CRISPR_array,SRR25700600_345627,Unknown,IV-D,0.43
SRR25700601,fermented_grains,CasOperon,SRR25700601_145640,II-D,II-D,4.0
SRR25700601,fermented_grains,CasOperon,SRR25700601_16450,I-C,I-C,14.0
SRR25700601,fermented_grains,CasOperon,SRR25700601_35656,I-E,I-E,12.0
SRR25700602,fermented_grains,CasOperon,SRR25700602_5248,I-E,I-E,24.0
SRR25700602,fermented_grains,CasOperon,SRR25700602_87508,II-D,II-D,4.0
SRR25700602,fermented_grains,CasOperon,SRR25700602_27365,I-C,I-C,14.0
SRR26215759,fermented_beverages,CasOperon,SRR26215759_15862,I-C,I-C,7.0
SRR26215760,fermented_beverages,CasOperon,SRR26215760_3082,I-C,I-C,19.0
SRR26215763,fermented_beverages,CasOperon,SRR26215763_486,I-C,I-C,19.0
SRR26215764,fermented_beverages,CasOperon,SRR26215764_1788,I-C,I-C,19.0
SRR26215765,fermented_beverages,CasOperon,SRR26215765_2957,I-C,I-C,21.0
SRR26215766,fermented_beverages,CasOperon,SRR26215766_4427,I-C,I-C,19.0
SRR26215784,fermented_beverages,CasOperon,SRR26215784_997,I-E,I-E,20.0
SRR26215786,fermented_beverages,CasOperon,SRR26215786_472,I-E,I-E,26.0
SRR26215787,fermented_beverages,CasOperon,SRR26215787_31,I-E,I-E,24.0
SRR26215788,fermented_beverages,CasOperon,SRR26215788_3017,I-E,I-E,24.0
SRR26215811,fermented_beverages,CasOperon,SRR26215811_1549,I-E,I-E,20.0
SRR26215812,fermented_beverages,CasOperon,SRR26215812_7,I-E,I-E,24.0
SRR26215813,fermented_beverages,CasOperon,SRR26215813_1621,I-E,I-E,24.0
SRR26215814,fermented_beverages,CasOperon,SRR26215814_2946,I-E,I-E,14.0
SRR26215815,fermented_beverages,CasOperon,SRR26215815_5584,I-E,I-E,22.0
SRR26215833,fermented_beverages,CasOperon,SRR26215833_6316,I-C,I-C,19.0
SRR26215835,fermented_beverages,CasOperon,SRR26215835_2110,I-C,I-C,19.0
SRR26215839,fermented_beverages,CasOperon,SRR26215839_1287,I-C,I-C,7.0
SRR26215839,fermented_beverages,CasOperon,SRR26215839_706,I-C,I-C,14.0
SRR26215850,fermented_beverages,CasOperon,SRR26215850_173,I-C,I-C,7.0
SRR26215850,fermented_beverages,CasOperon,SRR26215850_1402,I-C,I-C,14.0
SRR26215873,fermented_beverages,CasOperon,SRR26215873_1075,I-C,I-C,19.0
SRR26215875,fermented_beverages,CasOperon,SRR26215875_397,I-C,I-C,21.0
SRR26215876,fermented_beverages,CasOperon,SRR26215876_6185,I-C,I-C,7.0
SRR26215876,fermented_beverages,CasOperon,SRR26215876_1850,I-C,I-C,14.0
SRR26215877,fermented_beverages,CasOperon,SRR26215877_657,I-C,I-C,11.0
SRR26215877,fermented_beverages,CasOperon,SRR26215877_587,I-C,I-C,12.0
SRR26215878,fermented_beverages,CasOperon,SRR26215878_1272,I-C,I-C,21.0
SRR26215884,fermented_beverages,CasOperon,SRR26215884_941,I-C,I-C,21.0
SRR26215886,fermented_beverages,CasOperon,SRR26215886_1765,I-C,I-C,21.0
SRR26215888,fermented_beverages,CasOperon,SRR26215888_655,I-C,I-C,19.0
SRR26215889,fermented_beverages,CasOperon,SRR26215889_7956,I-C,I-C,21.0
SRR26215919,fermented_beverages,CasOperon,SRR26215919_517,I-C,I-C,7.0
SRR26215924,fermented_beverages,CasOperon,SRR26215924_1971,I-C,I-C,21.0
SRR26215929,fermented_beverages,CasOperon,SRR26215929_883,I-E,I-E,24.0
SRR26215938,fermented_beverages,CasOperon,SRR26215938_2478,I-E,I-E,24.0
SRR26215939,fermented_beverages,CasOperon,SRR26215939_661,I-E,I-E,24.0
SRR26215940,fermented_beverages,CasOperon,SRR26215940_514,I-E,I-E,24.0
SRR26215941,fermented_beverages,CasOperon,SRR26215941_3292,I-E,I-E,24.0
SRR26215942,fermented_beverages,CasOperon,SRR26215942_1014,I-E,I-E,24.0
SRR26215944,fermented_beverages,CasOperon,SRR26215944_792,I-C,I-C,19.0
SRR26215951,fermented_beverages,CasOperon,SRR26215951_3240,I-C,I-C,11.0
SRR26215952,fermented_beverages,CasOperon,SRR26215952_7765,I-C,I-C,19.0
SRR26215954,fermented_beverages,CasOperon,SRR26215954_797,I-C,I-C,19.0
SRR26215955,fermented_beverages,CasOperon,SRR26215955_485,I-C,I-C,13.0
SRR26215958,fermented_beverages,CasOperon,SRR26215958_1091,I-C,I-C,21.0
SRR26215959,fermented_beverages,CasOperon,SRR26215959_2930,I-C,I-C,19.0
SRR26215960,fermented_beverages,CasOperon,SRR26215960_3655,I-C,I-C,19.0
SRR26215962,fermented_beverages,CasOperon,SRR26215962_2884,I-C,I-C,13.0
SRR26215963,fermented_beverages,CasOperon,SRR26215963_4154,I-C,I-C,13.0
SRR26215964,fermented_beverages,CasOperon,SRR26215964_5004,I-C,I-C,21.0
SRR26215965,fermented_beverages,CasOperon,SRR26215965_29,I-C,I-C,19.0
SRR26215997,fermented_beverages,CasOperon,SRR26215997_1205,I-B,I-B,20.0
SRR26215998,fermented_beverages,CasOperon,SRR26215998_1421,I-B,I-B,20.0
SRR26215999,fermented_beverages,CasOperon,SRR26215999_3538,I-B,I-B,20.0
SRR26216031,fermented_beverages,CasOperon,SRR26216031_13408,I-E,I-E,16.0
SRR26216068,fermented_beverages,CasOperon,SRR26216068_623,I-C,I-C,19.0
SRR26216078,fermented_beverages,CasOperon,SRR26216078_4605,I-C,I-C,19.0
SRR26216079,fermented_beverages,CasOperon,SRR26216079_594,I-C,I-C,21.0
SRR26216081,fermented_beverages,CasOperon,SRR26216081_5940,I-C,I-C,19.0
SRR26216084,fermented_beverages,CasOperon,SRR26216084_2906,I-C,I-C,19.0
SRR26216087,fermented_beverages,CasOperon,SRR26216087_11995,I-C,I-C,19.0
SRR26216100,fermented_beverages,CasOperon,SRR26216100_18045,I-C,I-C,13.0
SRR26216102,fermented_beverages,CasOperon,SRR26216102_762,I-C,I-C,13.0
SRR26216103,fermented_beverages,CasOperon,SRR26216103_2205,I-C,I-C,17.0
SRR26216104,fermented_beverages,CasOperon,SRR26216104_8698,I-C,I-C,21.0
SRR26216105,fermented_beverages,CasOperon,SRR26216105_1737,I-C,I-C,21.0
SRR26216106,fermented_beverages,CasOperon,SRR26216106_2494,I-C,I-C,19.0
SRR26216107,fermented_beverages,CasOperon,SRR26216107_5450,I-C,I-C,17.0
SRR26216108,fermented_beverages,CasOperon,SRR26216108_142,I-C,I-C,19.0
SRR26216109,fermented_beverages,CasOperon,SRR26216109_9638,I-C,I-C,21.0
SRR26216110,fermented_beverages,CasOperon,SRR26216110_5288,I-C,I-C,13.0
SRR26596528,seafood,CasOperon,SRR26596528_113986,II-D,II-D,4.0
SRR26596528,seafood,CasOperon,SRR26596528_2266,II-D,II-D,4.0
SRR26596533,seafood,CasOperon,SRR26596533_132293,II-D,II-D,4.0
SRR26596534,seafood,CasOperon,SRR26596534_129484,II-D,II-D,4.0
SRR26596535,seafood,CasOperon,SRR26596535_90538,II-D,II-D,4.0
SRR26596538,seafood,CRISPR_array,SRR26596538_540664,I-F_T,I-F_T,0.997
SRR26596539,seafood,CasOperon,SRR26596539_49617,I-F_T,I-F_T,10.0
SRR26596550,seafood,CasOperon,SRR26596550_6552,II-D,II-D,4.0
SRR26596550,seafood,CasOperon,SRR26596550_74742,II-D,II-D,4.0
SRR26596550,seafood,CasOperon,SRR26596550_17462,I-E,I-E,26.0
SRR26596551,seafood,CasOperon,SRR26596551_184940,I-E,I-E,10.0
SRR26596551,seafood,CasOperon,SRR26596551_50534,I-F_T,I-F_T,10.0
SRR26596551,seafood,CasOperon,SRR26596551_150564,II-D,II-D,4.0
SRR26596551,seafood,CRISPR_array,SRR26596551_280214,Unknown,I-F_T,0.505
SRR26596553,seafood,CasOperon,SRR26596553_36010,I-E,I-E,18.0
SRR26596553,seafood,CasOperon,SRR26596553_108144,II-D,II-D,4.0
SRR26596553,seafood,CasOperon,SRR26596553_35882,I-E,I-E,12.0
SRR26596556,seafood,CasOperon,SRR26596556_89248,I-E,I-E,20.0
SRR26596557,seafood,CasOperon,SRR26596557_169446,II-D,II-D,4.0
SRR26596558,seafood,CasOperon,SRR26596558_8291,II-D,II-D,4.0
SRR26596558,seafood,CasOperon,SRR26596558_158952,II-D,II-D,4.0
SRR26596559,seafood,CasOperon,SRR26596559_6046,I-E,I-E,20.0
SRR26596561,seafood,CasOperon,SRR26596561_43060,II-D,II-D,4.0
SRR26596562,seafood,CRISPR_array,SRR26596562_32913,Unknown,I-F_T,0.657
SRR26596563,seafood,CasOperon,SRR26596563_29647,I-F_T,I-F_T,10.0
SRR26596563,seafood,CasOperon,SRR26596563_2836,II-D,II-D,4.0
SRR26596563,seafood,CasOperon,SRR26596563_4366,III-B,III-B,6.0
SRR26596563,seafood,CasOperon,SRR26596563_64418,II-D,II-D,4.0
SRR26596563,seafood,CRISPR_array,SRR26596563_29647,I-F_T,I-F_T,0.913
SRR26596564,seafood,CasOperon,SRR26596564_52357,II-D,II-D,4.0
SRR26596565,seafood,CasOperon,SRR26596565_32891,I-E,I-E,28.0
SRR26596566,seafood,CasOperon,SRR26596566_31246,I-E,I-E,22.0
SRR26596566,seafood,CasOperon,SRR26596566_212894,II-D,II-D,4.0
SRR26596577,seafood,CRISPR_array,SRR26596577_89290,I-F_T,I-F_T,0.998
SRR26596579,seafood,CasOperon,SRR26596579_131104,II-D,II-D,4.0
SRR26596580,seafood,CasOperon,SRR26596580_54610,II-D,II-D,4.0
SRR26596581,seafood,CasOperon,SRR26596581_152435,II-D,II-D,4.0
SRR26596581,seafood,CasOperon,SRR26596581_55820,II-D,II-D,4.0
SRR26596582,seafood,CasOperon,SRR26596582_10536,I-E,I-E,24.0
SRR26596582,seafood,CasOperon,SRR26596582_1917,II-D,II-D,4.0
SRR26596586,seafood,CasOperon,SRR26596586_7633,II-D,II-D,4.0
SRR26596587,seafood,CasOperon,SRR26596587_31530,II-D,II-D,4.0
SRR26596589,seafood,CasOperon,SRR26596589_162947,II-D,II-D,4.0
SRR26596590,seafood,CasOperon,SRR26596590_57277,II-D,II-D,4.0
SRR26596591,seafood,CasOperon,SRR26596591_11358,I-F,I-F,8.299999999999999
SRR26596591,seafood,CasOperon,SRR26596591_141480,II-D,II-D,4.0
SRR26596591,seafood,CRISPR_array,SRR26596591_11358,I-F,I-F,0.971
SRR26596592,seafood,CasOperon,SRR26596592_111259,II-D,II-D,4.0
SRR26596593,seafood,CasOperon,SRR26596593_20825,II-D,II-D,4.0
SRR26596594,seafood,CasOperon,SRR26596594_822182,II-D,II-D,4.0
SRR26596594,seafood,CasOperon,SRR26596594_274122,I-F,I-F,6.2
SRR26596598,seafood,CasOperon,SRR26596598_165399,I-E,I-E,12.0
SRR27278105,meat,CasOperon,SRR27278105_93004,IV-B,IV-B,8.0
SRR27278105,meat,CasOperon,SRR27278105_54676,IV-B,IV-B,9.0
SRR27278105,meat,CasOperon,SRR27278105_79391,IV-B,IV-B,6.0
SRR27278105,meat,CasOperon,SRR27278105_33634,V-F2,V-F2,4.0
SRR27278106,meat,CasOperon,SRR27278106_9877,IV-B,IV-B,8.0
SRR27278106,meat,CasOperon,SRR27278106_91082,IV-B,IV-B,6.0
SRR27278116,meat,CasOperon,SRR27278116_4874,IV-A3,IV-A3,10.0
SRR27278122,meat,CasOperon,SRR27278122_19395,II-D,II-D,4.0
SRR27278126,meat,CasOperon,SRR27278126_79979,II-D,II-D,4.0
SRR27278133,meat,CasOperon,SRR27278133_500467,II-D,II-D,4.0
SRR27278134,meat,CasOperon,SRR27278134_672096,II-D,II-D,4.0
SRR27278136,meat,CasOperon,SRR27278136_22813,IV-A3,IV-A3,8.0
SRR27278136,meat,CasOperon,SRR27278136_3871,IV-A3,IV-A3,10.0
SRR27278142,meat,CasOperon,SRR27278142_75953,IV-A3,IV-A3,10.0
SRR27278142,meat,CasOperon,SRR27278142_19128,IV-A3,IV-A3,8.0
SRR27278142,meat,CasOperon,SRR27278142_3649,IV-A3,IV-A3,14.0
SRR27278142,meat,CRISPR_array,SRR27278142_42618,I-F,I-F,0.999
SRR27278146,meat,CasOperon,SRR27278146_6077,IV-A3,IV-A3,14.0
SRR27278146,meat,CRISPR_array,SRR27278146_264401,Unknown,I-F,0.391
SRR27278153,meat,CasOperon,SRR27278153_247209,IV-A3,IV-A3,8.0
SRR27278159,meat,CasOperon,SRR27278159_67614,II-D,II-D,4.0
SRR27278173,meat,CasOperon,SRR27278173_6633,IV-B,IV-B,9.0
SRR27278178,meat,CasOperon,SRR27278178_1404,I-F,I-F,8.2
SRR27278178,meat,CRISPR_array,SRR27278178_123597,IV-A2,IV-A2,0.798
SRR27278185,meat,CasOperon,SRR27278185_19011,V-F2,V-F2,4.0
SRR27278186,meat,CasOperon,SRR27278186_24661,II-D,II-D,4.0
SRR27278186,meat,CasOperon,SRR27278186_6974,IV-A3,IV-A3,10.0
SRR27278196,meat,CasOperon,SRR27278196_239739,IV-B,IV-B,7.0
SRR27278196,meat,CasOperon,SRR27278196_59988,IV-B,IV-B,9.0
SRR27278196,meat,CasOperon,SRR27278196_43563,IV-B,IV-B,8.0
SRR27278196,meat,CRISPR_array,SRR27278196_137093,I-B,I-B,0.841
SRR27278202,meat,CasOperon,SRR27278202_25482,I-F,I-F,8.3
SRR27278206,meat,CasOperon,SRR27278206_41434,I-F,I-F,6.0
SRR27278208,meat,CRISPR_array,SRR27278208_55161,I-F,I-F,0.98
SRR27278211,meat,CRISPR_array,SRR27278211_74503,Unknown,IV-A3,0.632
SRR27278212,meat,CasOperon,SRR27278212_8035,I-G,I-G,10.0
SRR27278212,meat,CRISPR_array,SRR27278212_8035,Unknown,IV-A3,0.632
SRR27278213,meat,CasOperon,SRR27278213_6028,I-G,I-G,10.0
SRR27278213,meat,CasOperon,SRR27278213_10935,I-C,I-C,22.0
SRR27278213,meat,CRISPR_array,SRR27278213_6028,Unknown,IV-A3,0.632
SRR27278216,meat,CasOperon,SRR27278216_3443,I-G,I-G,10.0
SRR27278216,meat,CRISPR_array,SRR27278216_3443,Unknown,IV-A1,0.531
SRR27278217,meat,CRISPR_array,SRR27278217_314158,Unknown,I-C,0.657
SRR27278218,meat,CasOperon,SRR27278218_1441,I-G,I-G,10.0
SRR27278218,meat,CRISPR_array,SRR27278218_1441,Unknown,IV-A3,0.632
SRR27278221,meat,CasOperon,SRR27278221_3158,I-C,I-C,18.0
SRR27278222,meat,CasOperon,SRR27278222_229025,II-D,II-D,4.0
SRR27278222,meat,CasOperon,SRR27278222_22270,I-G,I-G,10.0
SRR27278222,meat,CRISPR_array,SRR27278222_22270,Unknown,IV-A1,0.376
SRR27278225,meat,CasOperon,SRR27278225_147040,II-D,II-D,4.0
SRR2753156,fermented_tubers_and_roots,CasOperon,SRR2753156_142174,II-D,II-D,4.0
SRR2753156,fermented_tubers_and_roots,CasOperon,SRR2753156_1477,II-D,II-D,4.0
SRR2753156,fermented_tubers_and_roots,CRISPR_array,SRR2753156_79113,I-F,I-F,0.996
SRR2753157,fermented_tubers_and_roots,CasOperon,SRR2753157_1514,II-D,II-D,4.0
SRR2753158,fermented_tubers_and_roots,CasOperon,SRR2753158_33781,II-D,II-D,4.0
SRR27593151,alcohol,CasOperon,SRR27593151_1198,I-C,I-C,19.0
SRR27593159,fermented_tubers_and_roots,CasOperon,SRR27593159_9708,II-D,II-D,4.0
SRR27593169,fermented_grains,CasOperon,SRR27593169_724,I-E,I-E,24.0
SRR27593169,fermented_grains,CasOperon,SRR27593169_934,III-A,III-A,12.0
SRR27593188,fermented_seeds,CRISPR_array,SRR27593188_18716,Unknown,I-E,0.478
SRR27593194,fermented_tubers_and_roots,CasOperon,SRR27593194_555,II-D,II-D,4.0
SRR27593194,fermented_tubers_and_roots,CasOperon,SRR27593194_13574,I-E,I-E,26.0
SRR27593197,fermented_tubers_and_roots,CasOperon,SRR27593197_63832,II-D,II-D,4.0
SRR27593197,fermented_tubers_and_roots,CasOperon,SRR27593197_1011,I-E,I-E,20.0
SRR27593205,fermented_seeds,CasOperon,SRR27593205_13884,I-C,I-C,10.0
SRR27593205,fermented_seeds,CasOperon,SRR27593205_15574,II-D,II-D,4.0
SRR27593205,fermented_seeds,CasOperon,SRR27593205_467,II-C2,II-C2,4.0
SRR27593210,alcohol,CasOperon,SRR27593210_7697,I-C,I-C,13.0
SRR27593211,fermented_grains,CasOperon,SRR27593211_7991,II-C,II-C,4.0
SRR27593227,alcohol,CasOperon,SRR27593227_3778,I-C,I-C,21.0
SRR28235346,dairy,CasOperon,SRR28235346_4700,II-D,II-D,4.0
SRR28235347,dairy,CasOperon,SRR28235347_1709,II-D,II-D,4.0
SRR28235347,dairy,CasOperon,SRR28235347_4796,III-A,III-A,7.0
SRR28235348,dairy,CasOperon,SRR28235348_1787,I-F,I-F,12.299999999999999
SRR28235349,dairy,CasOperon,SRR28235349_2468,I-F,I-F,12.299999999999999
SRR28235351,dairy,CasOperon,SRR28235351_16459,II-C,II-C,4.0
SRR28235355,dairy,CRISPR_array,SRR28235355_779,Unknown,I-F,0.298
SRR28235358,dairy,CasOperon,SRR28235358_151,II-D,II-D,4.0
SRR28235369,dairy,CasOperon,SRR28235369_33743,II-D,II-D,4.0
SRR28235370,dairy,CasOperon,SRR28235370_50347,II-D,II-D,4.0
SRR28235373,dairy,CasOperon,SRR28235373_2251,II-D,II-D,4.0
SRR28235379,dairy,CasOperon,SRR28235379_15246,II-D,II-D,4.0
SRR28235381,dairy,CasOperon,SRR28235381_1548,II-D,II-D,4.0
SRR28235383,dairy,CasOperon,SRR28235383_1245,II-D,II-D,4.0
SRR28235388,dairy,CasOperon,SRR28235388_8333,II-D,II-D,4.0
SRR28235391,dairy,CasOperon,SRR28235391_680,III-A,III-A,9.0
SRR28235391,dairy,CasOperon,SRR28235391_27400,II-D,II-D,4.0
SRR28235392,dairy,CasOperon,SRR28235392_3751,II-D,II-D,4.0
SRR28523066,dairy,CasOperon,SRR28523066_68163,I-C,I-C,14.0
SRR28523066,dairy,CasOperon,SRR28523066_11205,I-E,I-E,22.0
SRR28523068,dairy,CasOperon,SRR28523068_9906,I-C,I-C,14.0
SRR28523073,dairy,CasOperon,SRR28523073_33157,II-D,II-D,4.0
SRR28523073,dairy,CasOperon,SRR28523073_7130,I-E,I-E,24.0
SRR28523074,dairy,CasOperon,SRR28523074_9543,I-C,I-C,10.0
SRR28523074,dairy,CasOperon,SRR28523074_161903,II-D,II-D,4.0
SRR28523075,dairy,CasOperon,SRR28523075_3714,I-C,I-C,14.0
SRR28523076,dairy,CRISPR_array,SRR28523076_45863,Unknown,IV-D,0.372
SRR28523077,dairy,CasOperon,SRR28523077_9506,I-C,I-C,21.0
SRR28523077,dairy,CasOperon,SRR28523077_7284,I-E,I-E,24.0
SRR28523077,dairy,CRISPR_array,SRR28523077_24148,Unknown,IV-D,0.372
SRR28523079,dairy,CasOperon,SRR28523079_17327,I-C,I-C,14.0
SRR28523080,dairy,CRISPR_array,SRR28523080_9005,Unknown,IV-D,0.372
SRR28523081,dairy,CasOperon,SRR28523081_3607,I-C,I-C,10.0
SRR28523082,dairy,CasOperon,SRR28523082_3871,I-E,I-E,24.0
SRR28523083,dairy,CasOperon,SRR28523083_18081,I-C,I-C,14.0
SRR28523083,dairy,CasOperon,SRR28523083_31903,I-E,I-E,10.0
SRR28523083,dairy,CasOperon,SRR28523083_18937,I-E,I-E,14.0
SRR28523084,dairy,CasOperon,SRR28523084_2914,III-A,III-A,7.0
SRR28523084,dairy,CasOperon,SRR28523084_11085,I-C,I-C,20.0
SRR28523084,dairy,CasOperon,SRR28523084_1432,I-E,I-E,24.0
SRR28523085,dairy,CasOperon,SRR28523085_2664,I-E,I-E,22.0
SRR28523085,dairy,CasOperon,SRR28523085_1034,I-C,I-C,14.0
SRR28523087,dairy,CasOperon,SRR28523087_10551,I-E,I-E,24.0
SRR28523089,dairy,CasOperon,SRR28523089_65,I-E,I-E,24.0
SRR28523090,dairy,CasOperon,SRR28523090_7961,I-E,I-E,18.0
SRR28523090,dairy,CasOperon,SRR28523090_58188,II-D,II-D,4.0
SRR28523090,dairy,CasOperon,SRR28523090_10875,I-C,I-C,14.0
SRR28523090,dairy,CRISPR_array,SRR28523090_47647,Unknown,I-E,0.419
SRR28523091,dairy,CasOperon,SRR28523091_2300,I-C,I-C,14.0
SRR28523096,dairy,CasOperon,SRR28523096_21970,I-E,I-E,14.0
SRR28523098,dairy,CasOperon,SRR28523098_18109,I-C,I-C,14.0
SRR28523098,dairy,CRISPR_array,SRR28523098_20622,Unknown,I-E,0.419
SRR28523101,dairy,CasOperon,SRR28523101_4678,I-E,I-E,24.0
SRR28523101,dairy,CasOperon,SRR28523101_14223,II-D,II-D,4.0
SRR28523101,dairy,CasOperon,SRR28523101_111,I-C,I-C,21.0
SRR28523102,dairy,CasOperon,SRR28523102_46547,II-D,II-D,4.0
SRR28523103,dairy,CasOperon,SRR28523103_194,I-E,I-E,24.0
SRR28523103,dairy,CasOperon,SRR28523103_678,I-C,I-C,22.0
SRR28523104,dairy,CasOperon,SRR28523104_2679,I-E,I-E,24.0
SRR28523105,dairy,CasOperon,SRR28523105_3095,I-C,I-C,21.0
SRR28523106,dairy,CasOperon,SRR28523106_81,I-E,I-E,24.0
SRR28523112,dairy,CasOperon,SRR28523112_309,II-D,II-D,4.0
SRR28523115,dairy,CasOperon,SRR28523115_4148,I-E,I-E,24.0
SRR28523115,dairy,CasOperon,SRR28523115_10639,I-C,I-C,21.0
SRR28523118,dairy,CasOperon,SRR28523118_69911,I-E,I-E,8.0
SRR28523118,dairy,CasOperon,SRR28523118_244,I-E,I-E,18.0
SRR28523123,dairy,CasOperon,SRR28523123_29180,II-D,II-D,4.0
SRR28523139,fermented_meat,CasOperon,SRR28523139_26180,I-F,I-F,8.3
SRR28523160,fermented_meat,CasOperon,SRR28523160_3920,I-C,I-C,14.0
SRR28523160,fermented_meat,CRISPR_array,SRR28523160_3029,Unknown,I-A,0.37
SRR28523161,dairy,CRISPR_array,SRR28523161_43617,Unknown,IV-D,0.345
SRR28523163,dairy,CasOperon,SRR28523163_9613,III-A,III-A,12.0
SRR28523163,dairy,CasOperon,SRR28523163_15207,I-E,I-E,12.0
SRR28523163,dairy,CasOperon,SRR28523163_4475,I-B,I-B,14.0
SRR28523163,dairy,CasOperon,SRR28523163_2554,III-A,III-A,14.0
SRR28523163,dairy,CasOperon,SRR28523163_11173,IV-A3,IV-A3,14.0
SRR28523163,dairy,CasOperon,SRR28523163_4476,I-E,I-E,10.0
SRR28523163,dairy,CasOperon,SRR28523163_944,III-B,III-B,8.0
SRR28523163,dairy,CRISPR_array,SRR28523163_11173,IV-A3,IV-A3,0.999
SRR28523165,dairy,CasOperon,SRR28523165_19579,I-E,I-E,18.0
SRR28523172,dairy,CasOperon,SRR28523172_4314,III-B,III-B,10.0
SRR28523172,dairy,CasOperon,SRR28523172_23886,I-E,I-E,12.0
SRR28523172,dairy,CasOperon,SRR28523172_237315,I-C,I-C,13.0
SRR28523173,dairy,CasOperon,SRR28523173_6090,I-C,I-C,14.0
SRR28523175,dairy,CasOperon,SRR28523175_5685,I-E,I-E,10.0
SRR28523176,dairy,CasOperon,SRR28523176_1729,I-E,I-E,24.0
SRR28523177,dairy,CasOperon,SRR28523177_19095,I-E,I-E,18.0
SRR28523177,dairy,CasOperon,SRR28523177_43512,I-C,I-C,12.0
SRR28523178,dairy,CasOperon,SRR28523178_4769,III-A,III-A,17.0
SRR28523182,dairy,CasOperon,SRR28523182_47628,I-E,I-E,12.0
SRR28523182,dairy,CasOperon,SRR28523182_3136,I-C,I-C,22.0
SRR28523184,dairy,CasOperon,SRR28523184_24824,I-C,I-C,12.0
SRR28523186,dairy,CasOperon,SRR28523186_7301,IV-A3,IV-A3,10.0
SRR28523186,dairy,CasOperon,SRR28523186_3170,II-D,II-D,4.0
SRR28523186,dairy,CasOperon,SRR28523186_11389,IV-A3,IV-A3,10.0
SRR28523188,dairy,CasOperon,SRR28523188_9576,IV-B,IV-B,9.0
SRR28523232,dairy,CasOperon,SRR28523232_30701,II-D,II-D,4.0
SRR28523234,dairy,CasOperon,SRR28523234_1406,II-D,II-D,4.0
SRR28523236,dairy,CasOperon,SRR28523236_4460,I-E,I-E,18.0
SRR28523236,dairy,CasOperon,SRR28523236_2037,I-C,I-C,22.0
SRR28523236,dairy,CasOperon,SRR28523236_1959,III-A,III-A,9.0
SRR28523237,dairy,CasOperon,SRR28523237_13938,II-D,II-D,4.0
SRR28523238,dairy,CasOperon,SRR28523238_12932,II-D,II-D,4.0
SRR28523243,dairy,CasOperon,SRR28523243_16123,II-D,II-D,4.0
SRR28523244,dairy,CasOperon,SRR28523244_9811,II-D,II-D,4.0
SRR28523244,dairy,CasOperon,SRR28523244_5315,I-C,I-C,10.0
SRR28523245,dairy,CasOperon,SRR28523245_9286,I-E,I-E,24.0
SRR28523247,dairy,CasOperon,SRR28523247_15445,I-C,I-C,12.0
SRR28523247,dairy,CasOperon,SRR28523247_2596,II-D,II-D,4.0
SRR28523252,dairy,CasOperon,SRR28523252_4053,I-E,I-E,22.0
SRR28523253,dairy,CasOperon,SRR28523253_15859,II-D,II-D,4.0
SRR28523253,dairy,CasOperon,SRR28523253_32646,V-F2,V-F2,4.0
SRR28523253,dairy,CasOperon,SRR28523253_57513,I-C,I-C,10.0
SRR28523256,dairy,CasOperon,SRR28523256_6321,II-D,II-D,4.0
SRR28523260,dairy,CasOperon,SRR28523260_2490,III-B,III-B,12.0
SRR28523260,dairy,CasOperon,SRR28523260_7340,III-A,III-A,14.0
SRR28523260,dairy,CasOperon,SRR28523260_4336,I-E,I-E,8.0
SRR28523260,dairy,CasOperon,SRR28523260_7465,I-G,I-G,12.0
SRR28523262,dairy,CasOperon,SRR28523262_3787,I-E,I-E,8.0
SRR28523268,dairy,CasOperon,SRR28523268_34391,II-C,II-C,4.0
SRR28523269,dairy,CasOperon,SRR28523269_11189,I-E,I-E,24.0
SRR28523269,dairy,CasOperon,SRR28523269_12199,I-C,I-C,17.0
SRR28523269,dairy,CasOperon,SRR28523269_83760,I-G,I-G,16.0
SRR28523269,dairy,CasOperon,SRR28523269_7136,III-B,III-B,16.0
SRR28523269,dairy,CasOperon,SRR28523269_8914,I-B,I-B,14.0
SRR28523269,dairy,CasOperon,SRR28523269_43994,III-A,III-A,8.0
SRR28523269,dairy,CasOperon,SRR28523269_11623,II-D,II-D,4.0
SRR28523270,other,CasOperon,SRR28523270_19484,I-E,I-E,8.0
SRR28523270,other,CasOperon,SRR28523270_137745,I-E,I-E,8.0
SRR28523270,other,CasOperon,SRR28523270_14367,III-A,III-A,9.0
SRR28523270,other,CasOperon,SRR28523270_8758,I-E,I-E,10.0
SRR28523270,other,CasOperon,SRR28523270_33905,III-B,III-B,8.0
SRR28523270,other,CasOperon,SRR28523270_2093,I-B,I-B,12.0
SRR28523270,other,CasOperon,SRR28523270_164854,I-C,I-C,13.0
SRR28523271,supplement,CasOperon,SRR28523271_20260,II-D,II-D,4.0
SRR28523272,other,CasOperon,SRR28523272_112766,I-B,I-B,12.0
SRR28523272,other,CasOperon,SRR28523272_3327,I-G,I-G,12.0
SRR28523273,dairy,CasOperon,SRR28523273_5222,II-D,II-D,4.0
SRR28523282,dairy,CasOperon,SRR28523282_10549,I-E,I-E,22.0
SRR28523282,dairy,CasOperon,SRR28523282_136684,II-D,II-D,4.0
SRR28523282,dairy,CRISPR_array,SRR28523282_65960,Unknown,IV-D,0.372
SRR28523282,dairy,CRISPR_array,SRR28523282_111951,I-F,I-F,0.942
SRR28523283,dairy,CasOperon,SRR28523283_7881,I-C,I-C,10.0
SRR28523283,dairy,CasOperon,SRR28523283_258573,II-D,II-D,4.0
SRR28523291,fermented_meat,CasOperon,SRR28523291_1125229,I-E,I-E,8.0
SRR28523292,fermented_meat,CRISPR_array,SRR28523292_121752,I-E,I-E,0.983
SRR28523306,dairy,CasOperon,SRR28523306_70906,II-D,II-D,4.0
SRR28523321,fermented_meat,CasOperon,SRR28523321_485,I-F_T,I-F_T,10.0
SRR28523328,dairy,CasOperon,SRR28523328_17220,I-C,I-C,14.0
SRR29791267,fruits_and_vegetables,CasOperon,SRR29791267_609262,I-C,I-C,14.0
SRR29791268,fruits_and_vegetables,CasOperon,SRR29791268_20466,I-C,I-C,14.0
SRR29791268,fruits_and_vegetables,CRISPR_array,SRR29791268_1140380,Unknown,III-D,0.369
SRR29791269,fruits_and_vegetables,CasOperon,SRR29791269_1181195,I-C,I-C,14.0
SRR29791269,fruits_and_vegetables,CRISPR_array,SRR29791269_782557,Unknown,III-D,0.373
SRR29791270,fruits_and_vegetables,CasOperon,SRR29791270_26445,I-C,I-C,14.0
SRR29791273,fruits_and_vegetables,CRISPR_array,SRR29791273_1352413,Unknown,III-D,0.572
SRR29791275,fruits_and_vegetables,CRISPR_array,SRR29791275_1509144,Unknown,I-C,0.663
SRR29791364,fruits_and_vegetables,CasOperon,SRR29791364_3161238,I-C,I-C,12.0
SRR29791364,fruits_and_vegetables,CRISPR_array,SRR29791364_4870749,III-D,III-D,0.764
SRR29791365,fruits_and_vegetables,CasOperon,SRR29791365_842377,I-C,I-C,14.0
SRR29791365,fruits_and_vegetables,CRISPR_array,SRR29791365_3962840,III-D,III-D,0.772
SRR29791366,fruits_and_vegetables,CasOperon,SRR29791366_1342026,I-C,I-C,14.0
SRR29791366,fruits_and_vegetables,CRISPR_array,SRR29791366_5696852,Unknown,III-B,0.477
SRR29791367,fruits_and_vegetables,CRISPR_array,SRR29791367_573941,Unknown,III-B,0.477
SRR29791368,fruits_and_vegetables,CasOperon,SRR29791368_617197,I-C,I-C,12.0
SRR30684827,dairy,CasOperon,SRR30684827_38,I-C,I-C,21.0
SRR30684831,dairy,CasOperon,SRR30684831_827,IV-A3,IV-A3,14.0
SRR30684831,dairy,CRISPR_array,SRR30684831_50770,Unknown,IV-D,0.372
SRR30684835,dairy,CRISPR_array,SRR30684835_21899,Unknown,IV-D,0.372
SRR30684844,dairy,CRISPR_array,SRR30684844_26505,Unknown,IV-D,0.372
SRR30684853,dairy,CasOperon,SRR30684853_6385,IV-A3,IV-A3,14.0
SRR30684853,dairy,CRISPR_array,SRR30684853_6385,IV-A3,IV-A3,1.0
SRR30815942,fermented_fruits_and_vegetables,CasOperon,SRR30815942_4081,I-E,I-E,12.0
SRR30815942,fermented_fruits_and_vegetables,CasOperon,SRR30815942_8941,I-C,I-C,14.0
SRR30815946,fermented_fruits_and_vegetables,CasOperon,SRR30815946_4006,I-E,I-E,24.0
SRR30815947,fermented_fruits_and_vegetables,CasOperon,SRR30815947_39570,I-E,I-E,18.0
SRR30815949,fermented_fruits_and_vegetables,CasOperon,SRR30815949_21263,I-C,I-C,14.0
SRR30815952,fermented_fruits_and_vegetables,CasOperon,SRR30815952_18398,I-E,I-E,14.0
SRR30815952,fermented_fruits_and_vegetables,CRISPR_array,SRR30815952_21463,Unknown,IV-D,0.345
SRR31346749,fruits_and_vegetables,CasOperon,SRR31346749_7419,II-D,II-D,4.0
SRR31646566,meat,CasOperon,SRR31646566_186121,II-D,II-D,4.0
SRR31646566,meat,CasOperon,SRR31646566_166490,II-D,II-D,4.0
SRR31646566,meat,CasOperon,SRR31646566_63154,I-F,I-F,14.299999999999999
SRR31646566,meat,CRISPR_array,SRR31646566_462853,IV-A1,IV-A1,0.896
SRR31646577,meat,CasOperon,SRR31646577_431399,II-D,II-D,4.0
SRR31646577,meat,CasOperon,SRR31646577_140029,I-C,I-C,10.0
SRR31646577,meat,CRISPR_array,SRR31646577_16380,I-F,I-F,0.999
SRR31646586,meat,CRISPR_array,SRR31646586_120019,Unknown,V-F1,0.509
SRR31646587,meat,CasOperon,SRR31646587_17516,V-F2,V-F2,4.0
SRR31646588,meat,CasOperon,SRR31646588_420976,II-D,II-D,4.0
SRR31646592,meat,CRISPR_array,SRR31646592_880860,Unknown,I-F,0.355
SRR31646594,meat,CasOperon,SRR31646594_250044,II-D,II-D,4.0
SRR31646598,meat,CasOperon,SRR31646598_119469,I-C,I-C,9.0
SRR31646598,meat,CRISPR_array,SRR31646598_87813,Unknown,I-C,0.358
SRR31646599,meat,CRISPR_array,SRR31646599_58617,Unknown,V-F2,0.354
SRR31646600,meat,CasOperon,SRR31646600_766525,II-D,II-D,4.0
SRR31646600,meat,CasOperon,SRR31646600_546993,II-D,II-D,4.0
SRR31646601,meat,CasOperon,SRR31646601_59211,II-D,II-D,4.0
SRR31646601,meat,CasOperon,SRR31646601_26472,II-D,II-D,5.0
SRR31646601,meat,CasOperon,SRR31646601_200889,I-C,I-C,8.0
SRR31646601,meat,CRISPR_array,SRR31646601_117015,Unknown,V-F2,0.354
SRR31646602,meat,CasOperon,SRR31646602_11179,I-C,I-C,13.0
SRR31646603,meat,CasOperon,SRR31646603_24395,II-D,II-D,4.0
SRR31646603,meat,CasOperon,SRR31646603_27990,II-D,II-D,4.0
SRR31646604,meat,CasOperon,SRR31646604_12943,I-C,I-C,19.0
SRR31646604,meat,CasOperon,SRR31646604_40594,IV-A1,IV-A1,6.0
SRR31646606,meat,CasOperon,SRR31646606_107774,IV-A3,IV-A3,10.0
SRR31646606,meat,CasOperon,SRR31646606_81342,IV-A3,IV-A3,14.0
SRR31646606,meat,CRISPR_array,SRR31646606_174750,IV-A3,IV-A3,0.814
SRR31646607,meat,CasOperon,SRR31646607_9247,II-D,II-D,4.0
SRR31646607,meat,CasOperon,SRR31646607_46915,I-C,I-C,9.0
SRR31646607,meat,CasOperon,SRR31646607_96927,II-D,II-D,4.0
SRR31646608,meat,CasOperon,SRR31646608_79219,IV-A3,IV-A3,10.0
SRR31646608,meat,CasOperon,SRR31646608_14054,IV-A3,IV-A3,14.0
SRR31646609,meat,CasOperon,SRR31646609_139891,II-C,II-C,4.0
SRR31646609,meat,CRISPR_array,SRR31646609_276085,Unknown,IV-A1,0.494
SRR31646611,meat,CasOperon,SRR31646611_115689,II-D,II-D,4.0
SRR31646611,meat,CasOperon,SRR31646611_39895,II-D,II-D,4.0
SRR31646613,meat,CasOperon,SRR31646613_107290,II-D,II-D,4.0
SRR31646622,meat,CasOperon,SRR31646622_160859,II-D,II-D,4.0
SRR31646622,meat,CasOperon,SRR31646622_81083,IV-A1,IV-A1,12.0
SRR31646622,meat,CRISPR_array,SRR31646622_81083,I-F,I-F,0.986
SRR31646633,meat,CasOperon,SRR31646633_236661,I-C,I-C,8.0
SRR31646640,meat,CasOperon,SRR31646640_15268,II-D,II-D,4.0
SRR31646640,meat,CasOperon,SRR31646640_45956,I-F,I-F,10.0
SRR31646641,meat,CasOperon,SRR31646641_69024,II-D,II-D,4.0
SRR31646642,meat,CasOperon,SRR31646642_219442,II-D,II-D,4.0
SRR31646643,meat,CasOperon,SRR31646643_20837,II-D,II-D,4.0
SRR31646643,meat,CasOperon,SRR31646643_435988,II-D,II-D,4.0
SRR31646643,meat,CasOperon,SRR31646643_152148,II-D,II-D,4.0
SRR31646644,meat,CasOperon,SRR31646644_193226,I-C,I-C,7.0
SRR31646646,meat,CasOperon,SRR31646646_89595,II-D,II-D,4.0
SRR31646648,meat,CasOperon,SRR31646648_42857,II-D,II-D,4.0
SRR31646649,meat,CasOperon,SRR31646649_580867,II-D,II-D,4.0
SRR31646652,meat,CasOperon,SRR31646652_266455,II-D,II-D,4.0
SRR31646652,meat,CasOperon,SRR31646652_160039,II-D,II-D,4.0
SRR31646653,meat,CasOperon,SRR31646653_331962,II-D,II-D,4.0
SRR31646654,meat,CasOperon,SRR31646654_84862,II-D,II-D,4.0
SRR31646655,meat,CasOperon,SRR31646655_2686,I-F,I-F,10.0
SRR31646656,meat,CRISPR_array,SRR31646656_499058,Unknown,IV-A3,0.416
SRR31730428,meat,CasOperon,SRR31730428_13147,I-F_T,I-F_T,10.0
SRR31730430,meat,CasOperon,SRR31730430_1962,I-F_T,I-F_T,10.0
SRR31730430,meat,CRISPR_array,SRR31730430_5509,IV-A3,IV-A3,0.881
SRR31730431,meat,CasOperon,SRR31730431_37260,I-F_T,I-F_T,10.0
SRR31730434,meat,CasOperon,SRR31730434_25756,II-D,II-D,4.0
SRR31730438,meat,CasOperon,SRR31730438_7581,I-F,I-F,8.2
SRR31730438,meat,CasOperon,SRR31730438_17320,I-F_T,I-F_T,8.0
SRR31730439,meat,CRISPR_array,SRR31730439_9361,I-F,I-F,0.997
SRR31860669,meat,CasOperon,SRR31860669_52856,IV-A1,IV-A1,8.0
SRR31860669,meat,CasOperon,SRR31860669_54757,III-B,III-B,10.0
SRR31860669,meat,CRISPR_array,SRR31860669_378713,Unknown,IV-A1,0.34
SRR31860671,fruits_and_vegetables,CRISPR_array,SRR31860671_369095,I-F_T,I-F_T,0.998
SRR31860672,fruits_and_vegetables,CasOperon,SRR31860672_1596,I-F,I-F,8.1
SRR31860674,fruits_and_vegetables,CasOperon,SRR31860674_71249,I-F,I-F,6.2
SRR31860674,fruits_and_vegetables,CasOperon,SRR31860674_570683,I-F,I-F,6.2
SRR31860674,fruits_and_vegetables,CRISPR_array,SRR31860674_71249,I-F_T,I-F_T,0.998
SRR31860674,fruits_and_vegetables,CRISPR_array,SRR31860674_570683,I-F_T,I-F_T,0.922
SRR31860679,fruits_and_vegetables,CasOperon,SRR31860679_110633,IV-A3,IV-A3,8.0
SRR31860679,fruits_and_vegetables,CRISPR_array,SRR31860679_171666,IV-A3,IV-A3,1.0
SRR31860680,fruits_and_vegetables,CasOperon,SRR31860680_13087,I-F,I-F,8.0
SRR31860683,fruits_and_vegetables,CasOperon,SRR31860683_144946,IV-A3,IV-A3,8.0
SRR31860683,fruits_and_vegetables,CasOperon,SRR31860683_673801,I-F,I-F,8.0
SRR31860686,meat,CasOperon,SRR31860686_19772,III-B,III-B,7.0
SRR31860687,meat,CRISPR_array,SRR31860687_9862,Unknown,V-F1,0.555
SRR31860688,meat,CasOperon,SRR31860688_8971,I-F_T,I-F_T,10.0
SRR31860688,meat,CasOperon,SRR31860688_82944,III-B,III-B,7.0
SRR31860688,meat,CRISPR_array,SRR31860688_337742,IV-A3,IV-A3,0.972
SRR31860688,meat,CRISPR_array,SRR31860688_415238,Unknown,IV-A1,0.34
SRR31860691,meat,CasOperon,SRR31860691_128696,IV-A3,IV-A3,14.0
SRR31860691,meat,CasOperon,SRR31860691_54907,IV-A3,IV-A3,14.0
SRR31887147,dairy,CasOperon,SRR31887147_2095,II-D,II-D,4.0
SRR31887148,dairy,CasOperon,SRR31887148_5093,I-C,I-C,14.0
SRR31887150,dairy,CasOperon,SRR31887150_3134,II-D,II-D,4.0
SRR31887150,dairy,CasOperon,SRR31887150_2838,I-C,I-C,14.0
SRR31887154,dairy,CasOperon,SRR31887154_877,I-C,I-C,14.0
SRR31887158,dairy,CasOperon,SRR31887158_27608,II-D,II-D,4.0
SRR31887162,dairy,CasOperon,SRR31887162_3749,I-C,I-C,21.0
SRR31887162,dairy,CasOperon,SRR31887162_4156,I-E,I-E,10.0
SRR31887162,dairy,CasOperon,SRR31887162_4887,I-E,I-E,14.0
SRR31887165,dairy,CasOperon,SRR31887165_6736,I-E,I-E,24.0
SRR31887165,dairy,CasOperon,SRR31887165_27851,II-D,II-D,4.0
SRR31887166,dairy,CasOperon,SRR31887166_11272,I-C,I-C,20.0
SRR31887170,dairy,CRISPR_array,SRR31887170_220,Unknown,I-F,0.298
SRR31887173,dairy,CasOperon,SRR31887173_730,II-D,II-D,4.0
SRR31887179,dairy,CasOperon,SRR31887179_30863,II-D,II-D,4.0
SRR31887184,dairy,CasOperon,SRR31887184_2633,I-E,I-E,10.0
SRR31887184,dairy,CasOperon,SRR31887184_2096,I-C,I-C,21.0
SRR31887188,dairy,CasOperon,SRR31887188_10553,II-D,II-D,4.0
SRR31887189,dairy,CasOperon,SRR31887189_5048,I-E,I-E,16.0
SRR31887189,dairy,CasOperon,SRR31887189_359,I-C,I-C,14.0
SRR31887191,dairy,CasOperon,SRR31887191_1326,I-C,I-C,14.0
SRR31887194,dairy,CasOperon,SRR31887194_572,I-C,I-C,14.0
SRR31887197,dairy,CasOperon,SRR31887197_1779,I-C,I-C,21.0
SRR31887198,dairy,CasOperon,SRR31887198_487,I-C,I-C,14.0
SRR31887198,dairy,CasOperon,SRR31887198_3958,I-E,I-E,16.0
SRR31887200,dairy,CasOperon,SRR31887200_875,I-E,I-E,24.0
SRR31887212,dairy,CasOperon,SRR31887212_1684,I-E,I-E,24.0
SRR31887213,dairy,CasOperon,SRR31887213_3052,I-C,I-C,14.0
SRR31887218,dairy,CasOperon,SRR31887218_423,I-C,I-C,21.0
SRR31887219,dairy,CRISPR_array,SRR31887219_24423,IV-A3,IV-A3,0.789
SRR31887221,dairy,CasOperon,SRR31887221_441,III-A,III-A,9.0
SRR31887221,dairy,CasOperon,SRR31887221_2717,II-D,II-D,4.0
SRR31887225,dairy,CasOperon,SRR31887225_6433,I-C,I-C,21.0
SRR31887225,dairy,CasOperon,SRR31887225_9850,III-A,III-A,9.0
SRR31887225,dairy,CasOperon,SRR31887225_822,I-E,I-E,24.0
SRR31887228,dairy,CasOperon,SRR31887228_1430,I-E,I-E,24.0
SRR31887230,dairy,CasOperon,SRR31887230_2519,I-E,I-E,16.0
SRR31887230,dairy,CasOperon,SRR31887230_2796,I-C,I-C,21.0
SRR31887230,dairy,CRISPR_array,SRR31887230_6501,Unknown,IV-A3,0.544
SRR31887238,dairy,CasOperon,SRR31887238_4592,I-C,I-C,14.0
SRR31887242,dairy,CasOperon,SRR31887242_164,III-A,III-A,7.0
SRR31887246,dairy,CasOperon,SRR31887246_11650,II-D,II-D,4.0
SRR31887247,dairy,CRISPR_array,SRR31887247_20661,Unknown,IV-D,0.372
SRR31887248,dairy,CasOperon,SRR31887248_4046,I-E,I-E,24.0
SRR31887249,dairy,CasOperon,SRR31887249_429,I-C,I-C,21.0
SRR31887254,dairy,CasOperon,SRR31887254_3991,I-E,I-E,18.0
SRR31887257,dairy,CasOperon,SRR31887257_305,I-C,I-C,14.0
SRR31887259,dairy,CasOperon,SRR31887259_6684,I-E,I-E,10.0
SRR31887259,dairy,CasOperon,SRR31887259_7412,II-D,II-D,4.0
SRR31887261,dairy,CasOperon,SRR31887261_6125,I-E,I-E,24.0
SRR31887261,dairy,CasOperon,SRR31887261_4357,III-A,III-A,9.0
SRR31887264,dairy,CasOperon,SRR31887264_99614,II-D,II-D,4.0
SRR31887271,dairy,CasOperon,SRR31887271_865,I-C,I-C,14.0
SRR31887271,dairy,CasOperon,SRR31887271_7572,I-E,I-E,18.0
SRR31887274,dairy,CasOperon,SRR31887274_1213,I-E,I-E,26.0
SRR31887280,dairy,CasOperon,SRR31887280_10532,II-D,II-D,4.0
SRR31887283,dairy,CasOperon,SRR31887283_977,II-D,II-D,4.0
SRR31887290,dairy,CasOperon,SRR31887290_20992,II-D,II-D,4.0
SRR31887293,dairy,CasOperon,SRR31887293_48,II-D,II-D,4.0
SRR31887307,dairy,CasOperon,SRR31887307_6812,II-D,II-D,4.0
SRR31887308,dairy,CasOperon,SRR31887308_2246,I-C,I-C,14.0
SRR31887308,dairy,CasOperon,SRR31887308_322,I-E,I-E,24.0
SRR31887311,dairy,CasOperon,SRR31887311_4215,I-C,I-C,16.0
SRR31887312,dairy,CasOperon,SRR31887312_541,I-E,I-E,24.0
SRR31887312,dairy,CasOperon,SRR31887312_3902,I-C,I-C,14.0
SRR31887318,dairy,CasOperon,SRR31887318_3357,III-A,III-A,7.0
SRR31887318,dairy,CasOperon,SRR31887318_4747,II-D,II-D,4.0
SRR31887322,dairy,CasOperon,SRR31887322_1534,I-E,I-E,24.0
SRR31887328,dairy,CasOperon,SRR31887328_2075,I-E,I-E,14.0
SRR31887328,dairy,CasOperon,SRR31887328_187,I-C,I-C,21.0
SRR31887328,dairy,CasOperon,SRR31887328_3530,I-E,I-E,10.0
SRR31887329,dairy,CasOperon,SRR31887329_441,I-F,I-F,12.299999999999999
SRR31887330,dairy,CasOperon,SRR31887330_14529,I-C,I-C,14.0
SRR31887331,dairy,CasOperon,SRR31887331_7638,I-C,I-C,21.0
SRR31887334,dairy,CasOperon,SRR31887334_2109,II-A,II-A,9.0
SRR31887334,dairy,CasOperon,SRR31887334_1671,I-E,I-E,24.0
SRR31887336,dairy,CasOperon,SRR31887336_4620,III-A,III-A,9.0
SRR31887338,dairy,CasOperon,SRR31887338_12530,I-C,I-C,21.0
SRR31887340,dairy,CasOperon,SRR31887340_1429,I-F,I-F,12.299999999999999
SRR32620537,dairy,CasOperon,SRR32620537_25348,I-E,I-E,24.0
SRR32620538,dairy,CasOperon,SRR32620538_2500,I-E,I-E,24.0
SRR32620541,dairy,CasOperon,SRR32620541_887,I-E,I-E,24.0
SRR32621669,fermented_fruits_and_vegetables,CasOperon,SRR32621669_781,I-C,I-C,14.0
SRR32621672,fermented_fruits_and_vegetables,CasOperon,SRR32621672_1997,I-C,I-C,14.0
SRR32621673,fermented_fruits_and_vegetables,CasOperon,SRR32621673_3407,I-C,I-C,14.0
SRR32621674,fermented_fruits_and_vegetables,CasOperon,SRR32621674_4112,I-C,I-C,14.0
SRR32621676,fermented_fruits_and_vegetables,CasOperon,SRR32621676_6278,I-C,I-C,14.0
SRR32621676,fermented_fruits_and_vegetables,CRISPR_array,SRR32621676_34886,I-F,I-F,1.0
SRR32621678,fermented_fruits_and_vegetables,CasOperon,SRR32621678_1377,I-C,I-C,14.0
SRR32621680,fermented_fruits_and_vegetables,CasOperon,SRR32621680_823,I-C,I-C,14.0
SRR32621681,fermented_fruits_and_vegetables,CasOperon,SRR32621681_4321,I-C,I-C,14.0
SRR32641857,dairy,CasOperon,SRR32641857_48538,V-F1,V-F1,4.0
SRR32641857,dairy,CasOperon,SRR32641857_3616,I-E,I-E,26.0
SRR32641857,dairy,CasOperon,SRR32641857_8132,I-C,I-C,14.0
SRR32641859,dairy,CasOperon,SRR32641859_9235,I-C,I-C,14.0
SRR32641859,dairy,CasOperon,SRR32641859_6437,I-E,I-E,24.0
SRR32641868,dairy,CasOperon,SRR32641868_1670,I-E,I-E,24.0
SRR32641868,dairy,CasOperon,SRR32641868_54967,II-C,II-C,4.0
SRR32641870,dairy,CasOperon,SRR32641870_2081,I-C,I-C,16.0
SRR32641871,dairy,CasOperon,SRR32641871_5345,I-C,I-C,21.0
SRR32641874,dairy,CasOperon,SRR32641874_834,I-C,I-C,16.0
SRR32641874,dairy,CasOperon,SRR32641874_769,I-E,I-E,24.0
SRR32641880,dairy,CasOperon,SRR32641880_1316,I-C,I-C,14.0
SRR32641884,dairy,CasOperon,SRR32641884_3396,I-E,I-E,16.0
SRR33902047,fruits_and_vegetables,CRISPR_array,SRR33902047_161734,I-F,I-F,0.833
SRR33902048,fruits_and_vegetables,CasOperon,SRR33902048_95263,II-D,II-D,4.0
SRR33902048,fruits_and_vegetables,CasOperon,SRR33902048_82534,II-D,II-D,4.0
SRR33902048,fruits_and_vegetables,CasOperon,SRR33902048_102754,IV-A1,IV-A1,12.0
SRR34283267,alcohol,CasOperon,SRR34283267_2539,II-D,II-D,4.0
SRR34820969,dairy,CasOperon,SRR34820969_58665,II-D,II-D,4.0
SRR34820970,dairy,CasOperon,SRR34820970_5844,II-D,II-D,4.0
SRR34820977,dairy,CasOperon,SRR34820977_153481,II-D,II-D,4.0
SRR34820978,dairy,CRISPR_array,SRR34820978_6104,Unknown,IV-D,0.372
SRR34820981,dairy,CasOperon,SRR34820981_106605,II-D,II-D,4.0
SRR34820985,dairy,CasOperon,SRR34820985_220,I-C,I-C,16.0
SRR34820987,dairy,CasOperon,SRR34820987_35290,I-E,I-E,10.0
SRR34820989,dairy,CasOperon,SRR34820989_1765,I-E,I-E,18.0
SRR34820989,dairy,CasOperon,SRR34820989_420,I-C,I-C,16.0
SRR34820989,dairy,CasOperon,SRR34820989_2673,I-E,I-E,24.0
SRR34821001,dairy,CasOperon,SRR34821001_6363,I-C,I-C,10.0
SRR34821001,dairy,CasOperon,SRR34821001_19801,I-E,I-E,18.0
SRR34821001,dairy,CasOperon,SRR34821001_1036,III-B,III-B,14.0
SRR34821001,dairy,CasOperon,SRR34821001_36659,I-C,I-C,9.0
SRR34821009,dairy,CasOperon,SRR34821009_9965,I-E,I-E,18.0
SRR34821014,dairy,CasOperon,SRR34821014_22790,I-F,I-F,14.299999999999999
SRR34821015,dairy,CasOperon,SRR34821015_9726,I-F,I-F,12.299999999999999
SRR34821016,dairy,CasOperon,SRR34821016_10666,II-D,II-D,4.0
SRR34821024,dairy,CasOperon,SRR34821024_14930,I-F,I-F,6.300000000000001
SRR34821029,dairy,CRISPR_array,SRR34821029_33056,Unknown,IV-D,0.372
SRR34821039,dairy,CasOperon,SRR34821039_56969,IV-A3,IV-A3,8.0
SRR34821039,dairy,CasOperon,SRR34821039_22685,IV-A3,IV-A3,8.0
SRR34821044,dairy,CasOperon,SRR34821044_493,I-E,I-E,24.0
SRR34821044,dairy,CasOperon,SRR34821044_3655,I-C,I-C,14.0
SRR34821052,dairy,CasOperon,SRR34821052_809,I-C,I-C,22.0
SRR34821053,dairy,CRISPR_array,SRR34821053_21286,Unknown,IV-D,0.372
SRR34821070,dairy,CasOperon,SRR34821070_2371,I-C,I-C,14.0
SRR34821071,dairy,CasOperon,SRR34821071_7640,I-C,I-C,10.0
SRR34821074,dairy,CasOperon,SRR34821074_8412,IV-A3,IV-A3,10.0
SRR34821076,dairy,CRISPR_array,SRR34821076_10840,Unknown,I-E,0.419
SRR4075511,dairy,CasOperon,SRR4075511_2904,I-E,I-E,24.0
SRR4075511,dairy,CRISPR_array,SRR4075511_16663,I-E,I-E,0.999
SRR4075524,dairy,CasOperon,SRR4075524_1996,I-F,I-F,8.3
SRR4075524,dairy,CasOperon,SRR4075524_5473,I-F,I-F,10.299999999999999
SRR4075524,dairy,CasOperon,SRR4075524_1366,I-E,I-E,14.0
SRR4075526,dairy,CasOperon,SRR4075526_392,I-F,I-F,8.3
SRR4075526,dairy,CasOperon,SRR4075526_12756,I-E,I-E,12.0
SRR4075536,dairy,CasOperon,SRR4075536_965,I-E,I-E,18.0
SRR4075537,dairy,CasOperon,SRR4075537_86,I-E,I-E,24.0
SRR4075540,dairy,CasOperon,SRR4075540_4219,I-E,I-E,24.0
SRR6486879,other,CasOperon,SRR6486879_7592,IV-A3,IV-A3,10.0
SRR6486882,other,CasOperon,SRR6486882_11192,IV-A3,IV-A3,12.0
SRR6486887,other,CasOperon,SRR6486887_3371,IV-A3,IV-A3,14.0
SRR6486889,other,CasOperon,SRR6486889_9190,IV-A3,IV-A3,14.0
SRR6486889,other,CRISPR_array,SRR6486889_222477,I-E,I-E,0.921
SRR6486890,other,CasOperon,SRR6486890_11211,IV-A3,IV-A3,14.0
SRR6680337,fermented_beverages,CasOperon,SRR6680337_78318,I-C,I-C,12.0
SRR6680341,fermented_beverages,CasOperon,SRR6680341_191674,II-D,II-D,4.0
SRR6680341,fermented_beverages,CasOperon,SRR6680341_41772,I-C,I-C,8.0
SRR6680342,fermented_beverages,CasOperon,SRR6680342_28653,I-C,I-C,8.0
SRR6685438,fermented_beverages,CasOperon,SRR6685438_141115,II-D,II-D,4.0
SRR6685438,fermented_beverages,CasOperon,SRR6685438_19973,I-C,I-C,8.0
SRR8742580,fermented_seeds,CasOperon,SRR8742580_854,I-E,I-E,26.0
SRR8742580,fermented_seeds,CasOperon,SRR8742580_778,I-F,I-F,8.3
SRR8742584,fermented_seeds,CasOperon,SRR8742584_931,I-E,I-E,16.0
SRR8742584,fermented_seeds,CasOperon,SRR8742584_722,I-F,I-F,8.3
SRR8742585,fermented_seeds,CasOperon,SRR8742585_3802,I-F,I-F,12.3
SRR8742585,fermented_seeds,CasOperon,SRR8742585_2710,I-E,I-E,16.0
SRR8830669,fermented_legumes,CasOperon,SRR8830669_45860,V-F1,V-F1,4.0
SRR8830669,fermented_legumes,CasOperon,SRR8830669_2356,V-F1,V-F1,4.0
SRR9640344,fermented_seeds,CasOperon,SRR9640344_20118,I-F,I-F,12.3
SRR9640344,fermented_seeds,CasOperon,SRR9640344_14628,I-E,I-E,22.0
SRR9640344,fermented_seeds,CasOperon,SRR9640344_19181,I-E,I-E,16.0
SRR9640345,fermented_seeds,CasOperon,SRR9640345_182,I-F,I-F,12.3
SRR9640345,fermented_seeds,CasOperon,SRR9640345_1530,I-E,I-E,10.0
SRR9640347,fermented_seeds,CasOperon,SRR9640347_16857,I-F,I-F,12.3
SRR9640347,fermented_seeds,CasOperon,SRR9640347_21972,I-E,I-E,12.0
SRR9640347,fermented_seeds,CasOperon,SRR9640347_393,I-E,I-E,24.0
SRR9640348,fermented_seeds,CasOperon,SRR9640348_14267,I-F,I-F,8.3
SRR9640350,fermented_seeds,CasOperon,SRR9640350_833,I-F,I-F,8.3
SRR9640350,fermented_seeds,CasOperon,SRR9640350_8033,I-E,I-E,16.0
SRR9640351,fermented_seeds,CasOperon,SRR9640351_1712,I-F,I-F,12.3
SRR9640351,fermented_seeds,CasOperon,SRR9640351_39529,I-E,I-E,12.0
SRR9640352,fermented_seeds,CasOperon,SRR9640352_2311,I-F,I-F,8.3
SRR9640352,fermented_seeds,CasOperon,SRR9640352_8164,I-E,I-E,12.0
SRR9640353,fermented_seeds,CasOperon,SRR9640353_25380,I-E,I-E,12.0
SRR9640354,fermented_seeds,CasOperon,SRR9640354_34176,I-E,I-E,24.0
SRR9640354,fermented_seeds,CasOperon,SRR9640354_28124,I-F,I-F,12.3
SRR9640355,fermented_seeds,CasOperon,SRR9640355_62608,I-E,I-E,10.0
SRR9640355,fermented_seeds,CasOperon,SRR9640355_230048,II-C2,II-C2,4.0
SRR9640356,fermented_seeds,CasOperon,SRR9640356_130541,I-E,I-E,12.0
SRR9640356,fermented_seeds,CasOperon,SRR9640356_66195,I-E,I-E,12.0
SRR9646966,fermented_seeds,CasOperon,SRR9646966_6171,I-F,I-F,12.3
