,CAZyme,AMR,Heat Resistance,Heavy Metal Resistance,CRISPR-Cas,Virulence
dairy,3.7809011988424968,1.4915254237288136,0.7523770152955767,2.1856138900372053,0.29226953286482016,0.07317073170731707
fermented_beverages,4.0686070686070686,0.2442827442827443,0.04158004158004158,1.2037422037422036,0.20582120582120583,0.0
meat,4.389830508474576,15.186440677966102,1.2983050847457627,7.583050847457627,0.5627118644067797,1.193220338983051
fruits_and_vegetables,4.25,2.457089552238806,0.47388059701492535,5.018656716417911,0.22014925373134328,0.8134328358208955
seafood,2.587548638132296,1.8093385214007782,0.20622568093385213,3.906614785992218,0.3424124513618677,0.0311284046692607
fermented_meat,3.3550295857988166,2.9911242603550297,0.3136094674556213,1.9408284023668638,0.047337278106508875,0.1242603550295858
fermented_fruits_and_vegetables,3.9145299145299144,0.8034188034188035,0.1111111111111111,1.9658119658119657,0.20512820512820512,0.0
supplement,3.130841121495327,2.0700934579439254,1.0373831775700935,3.196261682242991,0.102803738317757,0.07476635514018691
fermented_grains,3.25,0.4318181818181818,0.06818181818181818,1.0795454545454546,0.2840909090909091,0.011363636363636364
fermented_seeds,4.571428571428571,2.015873015873016,0.031746031746031744,0.7936507936507936,0.9841269841269841,0.0
fermented_legumes,3.2459016393442623,1.901639344262295,1.0491803278688525,2.9508196721311477,0.08196721311475409,0.08196721311475409
alcohol,3.122448979591837,0.9285714285714286,0.1836734693877551,0.7755102040816326,0.24489795918367346,0.0
water,4.435897435897436,10.0,0.0,6.256410256410256,0.28205128205128205,0.05128205128205128
probiotics,1.90625,0.421875,0.15625,1.3125,0.09375,1.0
other,3.896551724137931,2.0172413793103448,0.2413793103448276,9.241379310344827,0.7586206896551724,0.27586206896551724
fermented_tubers_and_roots,3.962962962962963,1.5555555555555556,0.037037037037037035,1.5555555555555556,0.37037037037037035,0.037037037037037035
feed,0.7692307692307693,0.7307692307692307,0.0,0.07692307692307693,0.07692307692307693,0.0
